race_ethnicity,cases,case_percentage,deaths,death_percentage,percent_ca_population,date,month
Latino,5276,35.99,170,28.38,38.9,4/13/20,Apr
White,4639,31.64,246,41.07,36.6,4/13/20,Apr
Asian,1902,12.97,98,16.36,15.4,4/13/20,Apr
Black,1030,7.03,61,10.18,6,4/13/20,Apr
Multiracial,268,1.83,8,1.34,2.2,4/13/20,Apr
American Indian or Alaska Native,33,0.23,3,0.5,0.5,4/13/20,Apr
Native Hawaiian or Pacific Islander,243,1.66,4,0.67,0.3,4/13/20,Apr
Other,1269,8.66,9,1.5,0,4/13/20,Apr
Latino,5910,37.18,203,29.72,38.9,4/14/20,Apr
White,4939,31.07,264,38.65,36.6,4/14/20,Apr
Asian,2045,12.87,103,15.08,15.4,4/14/20,Apr
Black,1107,6.96,79,11.57,6,4/14/20,Apr
Multiracial,303,1.91,9,1.32,2.2,4/14/20,Apr
American Indian or Alaska Native,33,0.21,3,0.44,0.5,4/14/20,Apr
Native Hawaiian or Pacific Islander,252,1.59,6,0.88,0.3,4/14/20,Apr
Other,1306,8.22,16,2.34,0,4/14/20,Apr
Latino,6433,37.8,226,29.7,38.9,4/15/20,Apr
White,5239,30.79,286,37.58,36.6,4/15/20,Apr
Asian,2161,12.7,122,16.03,15.4,4/15/20,Apr
Black,1176,6.91,87,11.43,6,4/15/20,Apr
Multiracial,329,1.93,10,1.31,2.2,4/15/20,Apr
American Indian or Alaska Native,32,0.19,3,0.39,0.5,4/15/20,Apr
Native Hawaiian or Pacific Islander,262,1.54,9,1.18,0.3,4/15/20,Apr
Other,1385,8.14,18,2.37,0,4/15/20,Apr
Latino,7013,38.51,254,29.85,38.9,4/16/20,Apr
White,5504,30.22,314,36.9,36.6,4/16/20,Apr
Asian,2361,12.96,135,15.86,15.4,4/16/20,Apr
Black,1244,6.83,103,12.1,6,4/16/20,Apr
Multiracial,362,1.99,11,1.29,2.2,4/16/20,Apr
American Indian or Alaska Native,34,0.19,4,0.47,0.5,4/16/20,Apr
Native Hawaiian or Pacific Islander,279,1.53,12,1.41,0.3,4/16/20,Apr
Other,1414,7.76,18,2.12,0,4/16/20,Apr
Latino,7627,39.41,281,30.58,38.9,4/17/20,Apr
White,5757,29.75,333,36.24,36.6,4/17/20,Apr
Asian,2489,12.86,147,16,15.4,4/17/20,Apr
Black,1312,6.78,110,11.97,6,4/17/20,Apr
Multiracial,376,1.94,11,1.2,2.2,4/17/20,Apr
American Indian or Alaska Native,38,0.2,4,0.44,0.5,4/17/20,Apr
Native Hawaiian or Pacific Islander,290,1.5,13,1.41,0.3,4/17/20,Apr
Other,1463,7.56,20,2.18,0,4/17/20,Apr
Latino,8195,40.28,314,31.24,38.9,4/18/20,Apr
White,5945,29.22,357,35.52,36.6,4/18/20,Apr
Asian,2605,12.81,162,16.12,15.4,4/18/20,Apr
Black,1376,6.76,120,11.94,6,4/18/20,Apr
Multiracial,390,1.92,11,1.09,2.2,4/18/20,Apr
American Indian or Alaska Native,39,0.19,4,0.4,0.5,4/18/20,Apr
Native Hawaiian or Pacific Islander,304,1.49,14,1.39,0.3,4/18/20,Apr
Other,1489,7.32,23,2.29,0,4/18/20,Apr
Latino,8397,40.37,326,31.38,38.9,4/19/20,Apr
White,6051,29.09,368,35.42,36.6,4/19/20,Apr
Asian,2635,12.67,169,16.27,15.4,4/19/20,Apr
Black,1414,6.8,125,12.03,6,4/19/20,Apr
Multiracial,398,1.91,13,1.25,2.2,4/19/20,Apr
American Indian or Alaska Native,40,0.19,4,0.38,0.5,4/19/20,Apr
Native Hawaiian or Pacific Islander,310,1.49,14,1.35,0.3,4/19/20,Apr
Other,1555,7.48,20,1.92,0,4/19/20,Apr
Latino,9090,40.52,337,31.09,38.9,4/20/20,Apr
White,6257,27.89,388,35.79,36.6,4/20/20,Apr
Asian,2741,12.22,175,16.14,15.4,4/20/20,Apr
Black,1479,6.59,130,11.99,6,4/20/20,Apr
Multiracial,876,3.9,16,1.48,2.2,4/20/20,Apr
American Indian or Alaska Native,43,0.19,4,0.37,0.5,4/20/20,Apr
Native Hawaiian or Pacific Islander,315,1.4,14,1.29,0.3,4/20/20,Apr
Other,1632,7.27,20,1.85,0,4/20/20,Apr
Latino,9701,41.03,364,31.11,38.9,4/21/20,Apr
White,6982,29.53,417,35.64,36.6,4/21/20,Apr
Asian,3020,12.77,206,17.61,15.4,4/21/20,Apr
Black,1630,6.89,138,11.79,6,4/21/20,Apr
Multiracial,189,0.8,3,0.26,2.2,4/21/20,Apr
American Indian or Alaska Native,50,0.21,4,0.34,0.5,4/21/20,Apr
Native Hawaiian or Pacific Islander,336,1.42,14,1.2,0.3,4/21/20,Apr
Other,1735,7.34,24,2.05,0,4/21/20,Apr
Latino,10385,42.05,406,32.04,38.9,4/22/20,Apr
White,7206,29.18,442,34.89,36.6,4/22/20,Apr
Asian,3133,12.69,224,17.68,15.4,4/22/20,Apr
Black,1682,6.81,149,11.76,6,4/22/20,Apr
Multiracial,201,0.81,3,0.24,2.2,4/22/20,Apr
American Indian or Alaska Native,53,0.21,5,0.39,0.5,4/22/20,Apr
Native Hawaiian or Pacific Islander,339,1.37,15,1.18,0.3,4/22/20,Apr
Other,1698,6.88,23,1.82,0,4/22/20,Apr
Latino,10964,42.63,447,32.23,38.9,4/23/20,Apr
White,7422,28.86,485,34.97,36.6,4/23/20,Apr
Asian,3241,12.6,237,17.09,15.4,4/23/20,Apr
Black,1750,6.81,157,11.32,6,4/23/20,Apr
Multiracial,208,0.81,3,0.22,2.2,4/23/20,Apr
American Indian or Alaska Native,53,0.21,7,0.5,0.5,4/23/20,Apr
Native Hawaiian or Pacific Islander,347,1.35,16,1.15,0.3,4/23/20,Apr
Other,1731,6.73,35,2.52,0,4/23/20,Apr
Latino,11630,43.35,476,32.47,38.9,4/24/20,Apr
White,7618,28.39,512,34.92,36.6,4/24/20,Apr
Asian,3357,12.51,250,17.05,15.4,4/24/20,Apr
Black,1801,6.71,165,11.26,6,4/24/20,Apr
Multiracial,217,0.81,4,0.27,2.2,4/24/20,Apr
American Indian or Alaska Native,56,0.21,7,0.48,0.5,4/24/20,Apr
Native Hawaiian or Pacific Islander,357,1.33,17,1.16,0.3,4/24/20,Apr
Other,1794,6.69,35,2.39,0,4/24/20,Apr
Latino,12092,43.85,502,32.56,38.9,4/25/20,Apr
White,7739,28.07,536,34.76,36.6,4/25/20,Apr
Asian,3438,12.47,266,17.25,15.4,4/25/20,Apr
Black,1839,6.67,170,11.02,6,4/25/20,Apr
Multiracial,225,0.82,4,0.26,2.2,4/25/20,Apr
American Indian or Alaska Native,58,0.21,7,0.45,0.5,4/25/20,Apr
Native Hawaiian or Pacific Islander,359,1.3,17,1.1,0.3,4/25/20,Apr
Other,1824,6.61,40,2.59,0,4/25/20,Apr
Latino,12465,44.09,514,32.74,38.9,4/26/20,Apr
White,7885,27.89,543,34.59,36.6,4/26/20,Apr
Asian,3508,12.41,271,17.26,15.4,4/26/20,Apr
Black,1871,6.62,173,11.02,6,4/26/20,Apr
Multiracial,231,0.82,4,0.25,2.2,4/26/20,Apr
American Indian or Alaska Native,59,0.21,7,0.45,0.5,4/26/20,Apr
Native Hawaiian or Pacific Islander,368,1.3,18,1.15,0.3,4/26/20,Apr
Other,1882,6.66,40,2.55,0,4/26/20,Apr
Latino,12890,44.37,555,33.39,38.9,4/27/20,Apr
White,8064,27.76,582,35.02,36.6,4/27/20,Apr
Asian,3609,12.42,283,17.03,15.4,4/27/20,Apr
Black,1903,6.55,177,10.65,6,4/27/20,Apr
Multiracial,238,0.82,4,0.24,2.2,4/27/20,Apr
American Indian or Alaska Native,63,0.22,7,0.42,0.5,4/27/20,Apr
Native Hawaiian or Pacific Islander,372,1.28,18,1.08,0.3,4/27/20,Apr
Other,1911,6.58,36,2.17,0,4/27/20,Apr
Latino,13608,44.78820393,589,33.81171068,38.9,4/28/20,Apr
White,8339,27.4462693,613,35.18943743,36.6,4/28/20,Apr
Asian,3721,12.24698022,292,16.76234214,15.4,4/28/20,Apr
Black,1977,6.506928216,186,10.67738232,6,4/28/20,Apr
Multiracial,249,0.819537241,5,0.287026406,2.2,4/28/20,Apr
American Indian or Alaska Native,71,0.23368331,7,0.401836969,0.5,4/28/20,Apr
Native Hawaiian or Pacific Islander,385,1.267155975,17,0.975889782,0.3,4/28/20,Apr
Other,2033,6.691241813,33,1.894374282,0,4/28/20,Apr
Latino,14351,45.26843732,620,34.00987383,38.9,4/29/20,Apr
White,8674,27.36104978,633,34.72298409,36.6,4/29/20,Apr
Asian,3848,12.13803546,308,16.89522765,15.4,4/29/20,Apr
Black,2055,6.482240868,196,10.7515085,6,4/29/20,Apr
Multiracial,263,0.829600656,7,0.383982447,2.2,4/29/20,Apr
American Indian or Alaska Native,73,0.230269384,7,0.383982447,0.5,4/29/20,Apr
Native Hawaiian or Pacific Islander,392,1.236515046,19,1.042238069,0.3,4/29/20,Apr
Other,2046,6.453851492,33,1.810202962,0,4/29/20,Apr
Latino,15233,46,657,34.6,38.9,4/30/20,Apr
White,8926,27,655,34.5,36.6,4/30/20,Apr
Asian,3988,12,324,17,15.4,4/30/20,Apr
Black,2131,6.4,201,10.6,6,4/30/20,Apr
Multiracial,282,0.9,7,0.4,2.2,4/30/20,Apr
American Indian or Alaska Native,66,0.2,7,0.4,0.5,4/30/20,Apr
Native Hawaiian or Pacific Islander,400,1.2,18,0.9,0.3,4/30/20,Apr
Other,2089,6.3,32,1.7,0,4/30/20,Apr
Latino,16086,46.73717241,681,34.39393939,38.9,5/1/20,May
White,9119,26.49485734,683,34.49494949,36.6,5/1/20,May
Asian,4103,11.9210878,336,16.96969697,15.4,5/1/20,May
Black,2210,6.421058748,211,10.65656566,6,5/1/20,May
Multiracial,296,0.860015108,8,0.404040404,2.2,5/1/20,May
American Indian or Alaska Native,68,0.197571038,7,0.353535354,0.5,5/1/20,May
Native Hawaiian or Pacific Islander,406,1.179615318,18,0.909090909,0.3,5/1/20,May
Other,2130,6.188622233,36,1.818181818,0,5/1/20,May
Latino,17127,47.5,704,34.3,38.9,5/2/20,May
White,9449,26.2,721,35.1,36.6,5/2/20,May
Asian,4244,11.8,345,16.8,15.4,5/2/20,May
Black,2289,6.3,214,10.4,6,5/2/20,May
Multiracial,309,0.9,8,0.4,2.2,5/2/20,May
American Indian or Alaska Native,70,0.2,7,0.3,0.5,5/2/20,May
Native Hawaiian or Pacific Islander,412,1.1,20,1,0.3,5/2/20,May
Other,2151,6,35,1.7,0,5/2/20,May
Latino,17716,47.92771345,720,34.416826,38.9,5/3/20,May
White,9607,25.99015258,730,34.89483748,36.6,5/3/20,May
Asian,4320,11.68704686,355,16.96940727,15.4,5/3/20,May
Black,2330,6.303430365,216,10.3250478,6,5/3/20,May
Multiracial,318,0.860296505,8,0.382409178,2.2,5/3/20,May
American Indian or Alaska Native,71,0.192078779,7,0.334608031,0.5,5/3/20,May
Native Hawaiian or Pacific Islander,416,1.125419327,20,0.956022945,0.3,5/3/20,May
Other,2186,5.913862136,36,1.7208413,0,5/3/20,May
Latino,18087,48,740,34.6,38.9,5/4/20,May
White,9724,25.8,744,34.8,36.6,5/4/20,May
Asian,4383,11.6,361,16.9,15.4,5/4/20,May
Black,2363,6.3,220,10.3,6,5/4/20,May
Multiracial,324,0.9,8,0.4,2.2,5/4/20,May
American Indian or Alaska Native,72,0.2,7,0.3,0.5,5/4/20,May
Native Hawaiian or Pacific Islander,420,1.1,20,0.9,0.3,5/4/20,May
Other,2275,6,36,1.7,0,5/4/20,May
Latino,19333,48.9,784,35.2,38.9,5/5/20,May
White,9998,25.3,766,34.4,36.6,5/5/20,May
Asian,4519,11.4,371,16.7,15.4,5/5/20,May
Black,2456,6.2,230,10.3,6,5/5/20,May
Multiracial,339,0.9,9,0.4,2.2,5/5/20,May
American Indian or Alaska Native,74,0.2,8,0.4,0.5,5/5/20,May
Native Hawaiian or Pacific Islander,428,1.1,21,0.9,0.3,5/5/20,May
Other,2365,6,39,1.8,0,5/5/20,May
Latino,20030,49.4,819,35.4,38.9,5/6/20,May
White,10158,25,794,34.3,36.6,5/6/20,May
Asian,4612,11.4,384,16.6,15.4,5/6/20,May
Black,2527,6.2,238,10.3,6,5/6/20,May
Multiracial,354,0.9,10,0.4,2.2,5/6/20,May
American Indian or Alaska Native,75,0.2,8,0.3,0.5,5/6/20,May
Native Hawaiian or Pacific Islander,431,1.1,21,0.9,0.3,5/6/20,May
Other,2375,5.9,41,1.8,0,5/6/20,May
Latino,20824,49.8,850,35.5,38.9,5/7/20,May
White,10375,24.8,818,34.2,36.6,5/7/20,May
Asian,4735,11.3,393,16.4,15.4,5/7/20,May
Black,2597,6.2,246,10.3,6,5/7/20,May
Multiracial,368,0.9,11,0.5,2.2,5/7/20,May
American Indian or Alaska Native,78,0.2,8,0.3,0.5,5/7/20,May
Native Hawaiian or Pacific Islander,443,1.1,24,1,0.3,5/7/20,May
Other,2391,5.7,42,1.8,0,5/7/20,May
Latino,21621,50.3,875,35.6,38.9,5/8/20,May
White,10508,24.4,848,34.5,36.6,5/8/20,May
Asian,4826,11.2,401,16.3,15.4,5/8/20,May
Black,2659,6.2,252,10.3,6,5/8/20,May
Multiracial,379,0.9,11,0.4,2.2,5/8/20,May
American Indian or Alaska Native,80,0.2,8,0.3,0.5,5/8/20,May
Native Hawaiian or Pacific Islander,450,1,24,1,0.3,5/8/20,May
Other,2457,5.7,39,1.6,0,5/8/20,May
Latino,22525,50.8,914,35.6,38.9,5/9/20,May
White,10740,24.2,891,34.7,36.6,5/9/20,May
Asian,4935,11.1,417,16.2,15.4,5/9/20,May
Black,2741,6.2,264,10.3,6,5/9/20,May
Multiracial,396,0.9,14,0.5,2.2,5/9/20,May
American Indian or Alaska Native,84,0.2,8,0.3,0.5,5/9/20,May
Native Hawaiian or Pacific Islander,454,1,24,0.9,0.3,5/9/20,May
Other,2485,5.6,36,1.4,0,5/9/20,May
Latino,22971,50.9,924,35.7,38.9,5/10/20,May
White,10863,24.1,897,34.6,36.6,5/10/20,May
Asian,5020,11.1,421,16.3,15.4,5/10/20,May
Black,2777,6.2,266,10.3,6,5/10/20,May
Multiracial,400,0.9,14,0.5,2.2,5/10/20,May
American Indian or Alaska Native,87,0.2,8,0.3,0.5,5/10/20,May
Native Hawaiian or Pacific Islander,455,1,24,0.9,0.3,5/10/20,May
Other,2545,5.6,36,1.4,0,5/10/20,May
Latino,23511,51.2,946,35.8,38.9,5/11/20,May
White,10997,23.9,914,34.6,36.6,5/11/20,May
Asian,5091,11.1,425,16.1,15.4,5/11/20,May
Black,2812,6.1,271,10.3,6,5/11/20,May
Multiracial,405,0.9,14,0.5,2.2,5/11/20,May
American Indian or Alaska Native,89,0.2,9,0.3,0.5,5/11/20,May
Native Hawaiian or Pacific Islander,463,1,24,0.9,0.3,5/11/20,May
Other,2575,5.6,36,1.4,0,5/11/20,May
Latino,24511,51.7,984,36.1,38.9,5/12/20,May
White,11210,23.6,937,34.4,36.6,5/12/20,May
Asian,5206,11,432,15.9,15.4,5/12/20,May
Black,2869,6.1,280,10.3,6,5/12/20,May
Multiracial,416,0.9,13,0.5,2.2,5/12/20,May
American Indian or Alaska Native,91,0.2,9,0.3,0.5,5/12/20,May
Native Hawaiian or Pacific Islander,477,1,25,0.9,0.3,5/12/20,May
Other,2636,5.6,42,1.5,0,5/12/20,May
Latino,25582,52,1022,36.6,38.9,5/13/20,May
White,11625,23.6,961,34.4,36.6,5/13/20,May
Asian,5339,10.8,437,15.7,15.4,5/13/20,May
Black,2937,6,285,10.2,6,5/13/20,May
Multiracial,436,0.9,13,0.5,2.2,5/13/20,May
American Indian or Alaska Native,92,0.2,10,0.4,0.5,5/13/20,May
Native Hawaiian or Pacific Islander,488,1,25,0.9,0.3,5/13/20,May
Other,2715,5.5,39,1.4,0,5/13/20,May
Latino,26880,52.6,1060,36.7,38.9,5/14/20,May
White,11956,23.40504669,991,34.3,36.6,5/14/20,May
Asian,5421,10.61214103,452,15.7,15.4,5/14/20,May
Black,3026,5.923692814,292,10.1,6,5/14/20,May
Multiracial,451,0.882876887,13,0.5,2.2,5/14/20,May
American Indian or Alaska Native,95,0.18597185,11,0.4,0.5,5/14/20,May
Native Hawaiian or Pacific Islander,520,1.017951177,28,1,0.3,5/14/20,May
Other,2734,5.352074076,40,1.4,0,5/14/20,May
Multiracial,483,0.9,18,0.6,2.2,5/15/20,May
Native Hawaiian or Pacific Islander,523,1,28,0.9,0.3,5/15/20,May
Latino,27943,53,1110,37.1,38.9,5/15/20,May
White,12153,23,1021,34.1,36.6,5/15/20,May
Asian,5595,10.6,461,15.4,15.4,5/15/20,May
Black,3178,6,304,10.2,6,5/15/20,May
American Indian or Alaska Native,99,0.2,13,0.4,0.5,5/15/20,May
Other,2751,5.2,38,1.3,0,5/15/20,May
Multiracial,490,0.9,20,0.7,2.2,5/16/20,May
Native Hawaiian or Pacific Islander,526,1,28,0.9,0.3,5/16/20,May
Latino,29208,53.5,1137,37.2,38.9,5/16/20,May
White,12452,22.8,1039,34,36.6,5/16/20,May
Asian,5804,10.6,468,15.3,15.4,5/16/20,May
Black,3221,5.9,311,10.2,6,5/16/20,May
American Indian or Alaska Native,104,0.2,14,0.5,0.5,5/16/20,May
Other,2824,5.2,40,1.3,0,5/16/20,May
Multiracial,498,0.9,21,0.7,2.2,5/17/20,May
Native Hawaiian or Pacific Islander,537,1,28,0.9,0.3,5/17/20,May
Latino,29693,53.4,1173,37.3,38.9,5/17/20,May
White,12598,22.7,1080,34.3,36.6,5/17/20,May
Asian,5952,10.7,472,15,15.4,5/17/20,May
Black,3267,5.9,321,10.2,6,5/17/20,May
American Indian or Alaska Native,108,0.2,14,0.4,0.5,5/17/20,May
Other,2902,5.2,36,1.1,0,5/17/20,May
Multiracial,504,0.9,21,0.7,2.2,5/18/20,May
Native Hawaiian or Pacific Islander,542,1,27,0.8,0.3,5/18/20,May
Latino,30391,53.5,1187,37.4,38.9,5/18/20,May
White,12960,22.8,1096,34.5,36.6,5/18/20,May
Asian,6003,10.6,475,14.9,15.4,5/18/20,May
Black,3334,5.9,323,10.2,6,5/18/20,May
American Indian or Alaska Native,111,0.2,14,0.4,0.5,5/18/20,May
Other,2984,5.3,35,1.1,0,5/18/20,May
Multiracial,517,0.9,23,0.7,2.2,5/19/20,May
Native Hawaiian or Pacific Islander,547,0.9,27,0.8,0.3,5/19/20,May
Latino,31432,53.9,1235,37.5,38.9,5/19/20,May
White,13185,22.6,1125,34.2,36.6,5/19/20,May
Asian,6119,10.5,496,15.1,15.4,5/19/20,May
Black,3418,5.9,335,10.2,6,5/19/20,May
American Indian or Alaska Native,113,0.2,14,0.4,0.5,5/19/20,May
Other,3015,5.2,38,1.2,0,5/19/20,May
Multiracial,527,0.9,23,0.7,2.2,5/20/20,May
Native Hawaiian or Pacific Islander,553,0.9,27,0.8,0.3,5/20/20,May
Latino,32662,54.4,1271,37.6,38.9,5/20/20,May
White,13437,22.4,1158,34.3,36.6,5/20/20,May
Asian,6210,10.3,508,15,15.4,5/20/20,May
Black,3465,5.8,344,10.2,6,5/20/20,May
American Indian or Alaska Native,120,0.2,14,0.4,0.5,5/20/20,May
Other,3070,5.1,36,1.1,0,5/20/20,May
Multiracial,542,0.9,23,0.7,2.2,5/21/20,May
Native Hawaiian or Pacific Islander,559,0.9,27,0.8,0.3,5/21/20,May
Latino,33639,54.5,1308,37.8,38.9,5/21/20,May
White,13762,22.3,1180,34.1,36.6,5/21/20,May
Asian,6344,10.3,514,14.9,15.4,5/21/20,May
Black,3533,5.7,353,10.2,6,5/21/20,May
American Indian or Alaska Native,121,0.2,15,0.4,0.5,5/21/20,May
Other,3253,5.3,37,1.1,0,5/21/20,May
Multiracial,559,0.9,23,0.7,2.2,5/22/20,May
Native Hawaiian or Pacific Islander,563,0.9,28,0.8,0.3,5/22/20,May
Latino,34809,54.8,1329,37.9,38.9,5/22/20,May
White,14007,22.1,1195,34.1,36.6,5/22/20,May
Asian,6441,10.1,520,14.8,15.4,5/22/20,May
Black,3616,5.7,357,10.2,6,5/22/20,May
American Indian or Alaska Native,122,0.2,14,0.4,0.5,5/22/20,May
Other,3388,5.3,38,1.1,0,5/22/20,May
Multiracial,562,0.9,24,0.7,2.2,5/23/20,May
Native Hawaiian or Pacific Islander,565,0.9,28,0.8,0.3,5/23/20,May
Latino,35760,54.9,1357,38,38.9,5/23/20,May
White,14218,21.8,1228,34.4,36.6,5/23/20,May
Asian,6518,10,528,14.8,15.4,5/23/20,May
Black,3660,5.6,360,10.1,6,5/23/20,May
American Indian or Alaska Native,126,0.2,14,0.4,0.5,5/23/20,May
Other,3780,5.8,35,1,0,5/23/20,May
Multiracial,567,0.9,24,0.7,2.2,5/24/20,May
Native Hawaiian or Pacific Islander,573,0.9,28,0.8,0.3,5/24/20,May
Latino,36371,54.8,1367,38,38.9,5/24/20,May
White,14367,21.6,1232,34.3,36.6,5/24/20,May
Asian,6571,9.9,531,14.8,15.4,5/24/20,May
Black,3699,5.6,362,10.1,6,5/24/20,May
American Indian or Alaska Native,132,0.2,14,0.4,0.5,5/24/20,May
Other,4099,6.2,35,1,0,5/24/20,May
Multiracial,571,0.8,24,0.7,2.2,5/25/20,May
Native Hawaiian or Pacific Islander,577,0.9,28,0.8,0.3,5/25/20,May
Latino,36850,54.6,1373,38.1,38.9,5/25/20,May
White,14498,21.5,1236,34.3,36.6,5/25/20,May
Asian,6642,9.8,533,14.8,15.4,5/25/20,May
Black,3757,5.6,363,10.1,6,5/25/20,May
American Indian or Alaska Native,137,0.2,14,0.4,0.5,5/25/20,May
Other,4515,6.7,35,1,0,5/25/20,May
Multiracial,574,0.8,24,0.7,2.2,5/26/20,May
Native Hawaiian or Pacific Islander,587,0.8,28,0.8,0.3,5/26/20,May
Latino,37768,54.5,1383,38.1,38.9,5/26/20,May
White,14640,21.1,1241,34.2,36.6,5/26/20,May
Asian,6716,9.7,539,14.8,15.4,5/26/20,May
Black,3797,5.5,369,10.2,6,5/26/20,May
American Indian or Alaska Native,139,0.2,14,0.4,0.5,5/26/20,May
Other,5026,7.3,35,1,0,5/26/20,May
Multiracial,584,0.8,25,0.7,2.2,5/27/20,May
Native Hawaiian or Pacific Islander,593,0.8,29,0.8,0.3,5/27/20,May
Latino,38929,54.5,1434,38.4,38.9,5/27/20,May
White,14915,20.9,1260,33.8,36.6,5/27/20,May
Asian,6809,9.5,551,14.8,15.4,5/27/20,May
Black,3863,5.4,377,10.1,6,5/27/20,May
American Indian or Alaska Native,144,0.2,14,0.4,0.5,5/27/20,May
Other,5624,7.9,40,1.1,0,5/27/20,May
Multiracial,594,0.8,25,0.7,2.2,5/28/20,May
Native Hawaiian or Pacific Islander,595,0.8,30,0.8,0.3,5/28/20,May
Latino,40134,54.6,1465,38.5,38.9,5/28/20,May
White,15132,20.6,1289,33.8,36.6,5/28/20,May
Asian,6896,9.4,563,14.8,15.4,5/28/20,May
Black,3914,5.3,383,10.1,6,5/28/20,May
American Indian or Alaska Native,148,0.2,14,0.4,0.5,5/28/20,May
Other,6057,8.2,39,1,0,5/28/20,May
Multiracial,599,0.8,24,0.6,2.2,5/29/20,May
Native Hawaiian or Pacific Islander,608,0.8,29,0.7,0.3,5/29/20,May
Latino,41386,54.6,1506,38.7,38.9,5/29/20,May
White,15357,20.3,1317,33.8,36.6,5/29/20,May
Asian,7090,9.4,577,14.8,15.4,5/29/20,May
Black,4045,5.3,389,10,6,5/29/20,May
American Indian or Alaska Native,155,0.2,14,0.4,0.5,5/29/20,May
Other,6529,8.6,36,0.9,0,5/29/20,May
Multiracial,617,0.8,26,0.7,2.2,5/30/20,May
Native Hawaiian or Pacific Islander,612,0.8,28,0.7,0.3,5/30/20,May
Latino,42897,54.5,1545,39,38.9,5/30/20,May
White,15843,20.1,1333,33.6,36.6,5/30/20,May
Asian,7209,9.2,591,14.9,15.4,5/30/20,May
Black,4137,5.3,397,10,6,5/30/20,May
American Indian or Alaska Native,161,0.2,14,0.4,0.5,5/30/20,May
Other,7163,9.1,32,0.8,0,5/30/20,May
Multiracial,618,0.8,26,0.6,2.2,5/31/20,May
Native Hawaiian or Pacific Islander,617,0.8,29,0.7,0.3,5/31/20,May
Latino,43392,54.3,1563,39,38.9,5/31/20,May
White,15954,20,1344,33.6,36.6,5/31/20,May
Asian,7237,9.1,595,14.9,15.4,5/31/20,May
Black,4172,5.2,399,10,6,5/31/20,May
American Indian or Alaska Native,167,0.2,14,0.3,0.5,5/31/20,May
Other,7689,9.6,33,0.8,0,5/31/20,May
Latino,43951,54.2,1582,39,38.9,6/1/20,Jun
White,16114,19.9,1369,33.7,36.6,6/1/20,Jun
Asian,7291,9,601,14.8,15.4,6/1/20,Jun
Black,4218,5.2,408,10,6,6/1/20,Jun
Multi-Race,625,0.8,26,0.6,2.2,6/1/20,Jun
American Indian or Alaska Native,170,0.2,14,0.3,0.5,6/1/20,Jun
Native Hawaiian and other Pacific Islander,631,0.8,30,0.7,0.3,6/1/20,Jun
Other,8140,10,30,0.7,0,6/1/20,Jun
Latino,44975,54.1,1631,39.2,38.9,6/2/20,Jun
White,16402,19.7,1395,33.6,36.6,6/2/20,Jun
Asian,7387,8.9,613,14.7,15.4,6/2/20,Jun
Black,4298,5.2,414,10,6,6/2/20,Jun
Multi-Race,638,0.8,26,0.6,2.2,6/2/20,Jun
American Indian or Alaska Native,173,0.2,14,0.3,0.5,6/2/20,Jun
Native Hawaiian and other Pacific Islander,652,0.8,31,0.7,0.3,6/2/20,Jun
Other,8626,10.4,32,0.8,0,6/2/20,Jun
Latino,45965,54.2,1665,39.4,38.9,6/3/20,Jun
White,16634,19.6,1416,33.5,36.6,6/3/20,Jun
Asian,7471,8.8,619,14.6,15.4,6/3/20,Jun
Black,4378,5.2,424,10,6,6/3/20,Jun
Multi-Race,645,0.8,27,0.6,2.2,6/3/20,Jun
American Indian or Alaska Native,178,0.2,13,0.3,0.5,6/3/20,Jun
Native Hawaiian and other Pacific Islander,666,0.8,33,0.8,0.3,6/3/20,Jun
Other,8902,10.5,33,0.8,0,6/3/20,Jun
Latino,47514,54.5,1692,39.4,38.9,6/4/20,Jun
White,17013,19.5,1432,33.4,36.6,6/4/20,Jun
Asian,7638,8.8,644,15,15.4,6/4/20,Jun
Black,4474,5.1,431,10,6,6/4/20,Jun
Multi-Race,654,0.7,28,0.7,2.2,6/4/20,Jun
American Indian or Alaska Native,183,0.2,13,0.3,0.5,6/4/20,Jun
Native Hawaiian and other Pacific Islander,669,0.8,19,0.4,0.3,6/4/20,Jun
Other,9086,10.4,33,0.8,0,6/4/20,Jun
Latino,48779,54.7,1715,39.4,38.9,6/5/20,Jun
White,17221,19.3,1457,33.5,36.6,6/5/20,Jun
Asian,7723,8.7,652,15,15.4,6/5/20,Jun
Black,4528,5.1,432,9.9,6,6/5/20,Jun
Multi-Race,665,0.7,29,0.7,2.2,6/5/20,Jun
American Indian or Alaska Native,186,0.2,13,0.3,0.5,6/5/20,Jun
Native Hawaiian and other Pacific Islander,683,0.8,20,0.5,0.3,6/5/20,Jun
Other,9313,10.5,33,0.8,0,6/5/20,Jun
Latino,50302,55.1,1747,39.5,38.9,6/6/20,Jun
White,17486,19.1,1475,33.3,36.6,6/6/20,Jun
Asian,7821,8.6,661,14.9,15.4,6/6/20,Jun
Black,4575,5,439,9.9,6,6/6/20,Jun
Multi-Race,683,0.7,29,0.7,2.2,6/6/20,Jun
American Indian or Alaska Native,187,0.2,13,0.3,0.5,6/6/20,Jun
Native Hawaiian and other Pacific Islander,683,0.7,21,0.5,0.3,6/6/20,Jun
Other,9603,10.5,38,0.9,0,6/6/20,Jun
Latino,51166,55.1,1757,39.5,38.9,6/7/20,Jun
White,17640,19,1481,33.3,36.6,6/7/20,Jun
Asian,7875,8.5,668,15,15.4,6/7/20,Jun
Black,4608,5,442,9.9,6,6/7/20,Jun
Multi-Race,685,0.7,29,0.7,2.2,6/7/20,Jun
American Indian or Alaska Native,187,0.2,13,0.3,0.5,6/7/20,Jun
Native Hawaiian and other Pacific Islander,688,0.7,21,0.5,0.3,6/7/20,Jun
Other,9985,10.8,37,0.8,0,6/7/20,Jun
Latino,52550,55.3,1787,39.7,38.9,6/8/20,Jun
White,17825,18.8,1500,33.3,36.6,6/8/20,Jun
Asian,7939,8.4,675,15,15.4,6/8/20,Jun
Black,4655,4.9,442,9.8,6,6/8/20,Jun
Multi-Race,689,0.7,29,0.6,2.2,6/8/20,Jun
American Indian or Alaska Native,189,0.2,13,0.3,0.5,6/8/20,Jun
Native Hawaiian and other Pacific Islander,699,0.7,20,0.4,0.3,6/8/20,Jun
Other,10476,11,37,0.8,0,6/8/20,Jun
Latino,54151,55.6,1837,39.9,38.9,6/9/20,Jun
White,18064,18.6,1524,33.1,36.6,6/9/20,Jun
Asian,8019,8.2,684,14.9,15.4,6/9/20,Jun
Black,4713,4.8,451,9.8,6,6/9/20,Jun
Multi-Race,706,0.7,31,0.7,2.2,6/9/20,Jun
American Indian or Alaska Native,191,0.2,13,0.3,0.5,6/9/20,Jun
Native Hawaiian and other Pacific Islander,708,0.7,21,0.5,0.3,6/9/20,Jun
Other,10784,11.1,39,0.8,0,6/9/20,Jun
Latino,55439,55.8,1888,40.2,38.9,6/10/20,Jun
White,18312,18.4,1553,33.1,36.6,6/10/20,Jun
Asian,8088,8.1,691,14.7,15.4,6/10/20,Jun
Black,4777,4.8,454,9.7,6,6/10/20,Jun
Multi-Race,725,0.7,32,0.7,2.2,6/10/20,Jun
American Indian or Alaska Native,195,0.2,14,0.3,0.5,6/10/20,Jun
Native Hawaiian and other Pacific Islander,721,0.7,21,0.4,0.3,6/10/20,Jun
Other,11136,11.2,40,0.9,0,6/10/20,Jun
Latino,56896,56.2,1912,40.2,38.9,6/11/20,Jun
White,18528,18.3,1582,33.2,36.6,6/11/20,Jun
Asian,8152,8,697,14.6,15.4,6/11/20,Jun
Black,4832,4.8,458,9.6,6,6/11/20,Jun
Multi-Race,744,0.7,33,0.7,2.2,6/11/20,Jun
American Indian or Alaska Native,199,0.2,14,0.3,0.5,6/11/20,Jun
Native Hawaiian and other Pacific Islander,728,0.7,23,0.5,0.3,6/11/20,Jun
Other,11229,11.1,39,0.8,0,6/11/20,Jun
Latino,58415,56.3,1941,40.4,38.9,6/12/20,Jun
White,18783,18.1,1594,33.2,36.6,6/12/20,Jun
Asian,8271,8,709,14.8,15.4,6/12/20,Jun
Black,4906,4.7,458,9.5,6,6/12/20,Jun
Multi-Race,775,0.7,33,0.7,2.2,6/12/20,Jun
American Indian or Alaska Native,201,0.2,13,0.3,0.5,6/12/20,Jun
Native Hawaiian and other Pacific Islander,735,0.7,24,0.5,0.3,6/12/20,Jun
Other,11654,11.2,34,0.7,0,6/12/20,Jun
Latino,59702,56.4,1985,40.4,38.9,6/13/20,Jun
White,19045,18,1632,33.2,36.6,6/13/20,Jun
Asian,8350,7.9,722,14.7,15.4,6/13/20,Jun
Black,4966,4.7,470,9.6,6,6/13/20,Jun
Multi-Race,789,0.7,35,0.7,2.2,6/13/20,Jun
American Indian or Alaska Native,204,0.2,14,0.3,0.5,6/13/20,Jun
Native Hawaiian and other Pacific Islander,743,0.7,23,0.5,0.3,6/13/20,Jun
Other,11981,11.3,35,0.7,0,6/13/20,Jun
Latino,60377,56.3,1992,40.4,38.9,6/14/20,Jun
White,19240,17.9,1639,33.2,36.6,6/14/20,Jun
Asian,8397,7.8,724,14.7,15.4,6/14/20,Jun
Black,4999,4.7,471,9.5,6,6/14/20,Jun
Multi-Race,789,0.7,36,0.7,2.2,6/14/20,Jun
American Indian or Alaska Native,206,0.2,14,0.3,0.5,6/14/20,Jun
Native Hawaiian and other Pacific Islander,747,0.7,23,0.5,0.3,6/14/20,Jun
Other,12444,11.6,36,0.7,0,6/14/20,Jun
Latino,61492,56.4,2004,40.4,38.9,6/15/20,Jun
White,19424,17.8,1646,33.2,36.6,6/15/20,Jun
Asian,8448,7.7,726,14.6,15.4,6/15/20,Jun
Black,5043,4.6,474,9.6,6,6/15/20,Jun
Multi-Race,794,0.7,36,0.7,2.2,6/15/20,Jun
American Indian or Alaska Native,208,0.2,14,0.3,0.5,6/15/20,Jun
Native Hawaiian and other Pacific Islander,753,0.7,23,0.5,0.3,6/15/20,Jun
Other,12858,11.8,36,0.7,0,6/15/20,Jun
Latino,63202,56.6,2029,40.5,38.9,6/16/20,Jun
White,19766,17.7,1660,33.1,36.6,6/16/20,Jun
Asian,8538,7.6,734,14.6,15.4,6/16/20,Jun
Black,5128,4.6,479,9.6,6,6/16/20,Jun
Multi-Race,803,0.7,36,0.7,2.2,6/16/20,Jun
American Indian or Alaska Native,209,0.2,14,0.3,0.5,6/16/20,Jun
Native Hawaiian and other Pacific Islander,767,0.7,23,0.5,0.3,6/16/20,Jun
Other,13325,11.9,40,0.8,0,6/16/20,Jun
Latino,64787,56.6,2057,40.5,38.9,6/17/20,Jun
White,20087,17.6,1687,33.2,36.6,6/17/20,Jun
Asian,8652,7.6,745,14.7,15.4,6/17/20,Jun
Black,5202,4.5,484,9.5,6,6/17/20,Jun
Multi-Race,819,0.7,35,0.7,2.2,6/17/20,Jun
American Indian or Alaska Native,216,0.2,15,0.3,0.5,6/17/20,Jun
Native Hawaiian and other Pacific Islander,772,0.7,21,0.4,0.3,6/17/20,Jun
Other,13841,12.1,39,0.8,0,6/17/20,Jun
Latino,66261,56.7,2085,40.4,38.9,6/18/20,Jun
White,20475,17.5,1712,33.1,36.6,6/18/20,Jun
Asian,8749,7.5,758,14.7,15.4,6/18/20,Jun
Black,5296,4.5,491,9.5,6,6/18/20,Jun
Multi-Race,837,0.7,36,0.7,2.2,6/18/20,Jun
American Indian or Alaska Native,218,0.2,15,0.3,0.5,6/18/20,Jun
Native Hawaiian and other Pacific Islander,778,0.7,22,0.4,0.3,6/18/20,Jun
Other,14270,12.2,47,0.9,0,6/18/20,Jun
Latino,67818,56.8,2115,40.4,38.9,6/19/20,Jun
White,20780,17.4,1739,33.2,36.6,6/19/20,Jun
Asian,8819,7.4,765,14.6,15.4,6/19/20,Jun
Black,5384,4.5,495,9.5,6,6/19/20,Jun
Multi-Race,865,0.7,36,0.7,2.2,6/19/20,Jun
American Indian or Alaska Native,224,0.2,15,0.3,0.5,6/19/20,Jun
Native Hawaiian and other Pacific Islander,785,0.7,22,0.4,0.3,6/19/20,Jun
Other,14722,12.3,45,0.9,0,6/19/20,Jun
Latino,69392,56.8,2170,40.6,38.9,6/20/20,Jun
White,21177,17.3,1779,33.3,36.6,6/20/20,Jun
Asian,8941,7.3,774,14.5,15.4,6/20/20,Jun
Black,5485,4.5,501,9.4,6,6/20/20,Jun
Multi-Race,886,0.7,37,0.7,2.2,6/20/20,Jun
American Indian or Alaska Native,227,0.2,15,0.3,0.5,6/20/20,Jun
Native Hawaiian and other Pacific Islander,796,0.7,22,0.4,0.3,6/20/20,Jun
Other,15321,12.5,47,0.9,0,6/20/20,Jun
Latino,70439,56.6,2182,40.7,38.9,6/21/20,Jun
White,21547,17.3,1784,33.3,36.6,6/21/20,Jun
Asian,9010,7.2,774,14.4,15.4,6/21/20,Jun
Black,5573,4.5,502,9.4,6,6/21/20,Jun
Multi-Race,901,0.7,37,0.7,2.2,6/21/20,Jun
American Indian or Alaska Native,229,0.2,16,0.3,0.5,6/21/20,Jun
Native Hawaiian and other Pacific Islander,805,0.6,22,0.4,0.3,6/21/20,Jun
Other,15988,12.8,47,0.9,0,6/21/20,Jun
Latino,71350,56.2,2192,40.7,38.9,6/22/20,Jun
White,21885,17.2,1787,33.2,36.6,6/22/20,Jun
Asian,9100,7.2,778,14.4,15.4,6/22/20,Jun
Black,5661,4.5,506,9.4,6,6/22/20,Jun
Multi-Race,908,0.7,37,0.7,2.2,6/22/20,Jun
American Indian or Alaska Native,234,0.2,16,0.3,0.5,6/22/20,Jun
Native Hawaiian and other Pacific Islander,825,0.6,22,0.4,0.3,6/22/20,Jun
Other,16987,13.4,47,0.9,0,6/22/20,Jun
Latino,73357,56,2225,41,38.9,6/23/20,Jun
White,22500,17.2,1783,32.8,36.6,6/23/20,Jun
Asian,9259,7.1,785,14.5,15.4,6/23/20,Jun
Black,5845,4.5,511,9.4,6,6/23/20,Jun
Multi-Race,925,0.7,37,0.7,2.2,6/23/20,Jun
American Indian or Alaska Native,244,0.2,18,0.3,0.5,6/23/20,Jun
Native Hawaiian and other Pacific Islander,850,0.6,22,0.4,0.3,6/23/20,Jun
Other,17930,13.7,50,0.9,0,6/23/20,Jun
Latino,76036,56.6,2265,41,38.9,6/24/20,Jun
White,22871,17,1807,32.7,36.6,6/24/20,Jun
Asian,9422,7,805,14.6,15.4,6/24/20,Jun
Black,5981,4.5,519,9.4,6,6/24/20,Jun
Multi-Race,935,0.7,38,0.7,2.2,6/24/20,Jun
American Indian or Alaska Native,248,0.2,18,0.3,0.5,6/24/20,Jun
Native Hawaiian and other Pacific Islander,871,0.6,24,0.4,0.3,6/24/20,Jun
Other,18038,13.4,51,0.9,0,6/24/20,Jun
Latino,77926,56.7,2309,41.1,38.9,6/25/20,Jun
White,23339,17,1844,32.8,36.6,6/25/20,Jun
Asian,9512,6.9,813,14.5,15.4,6/25/20,Jun
Black,6094,4.4,527,9.4,6,6/25/20,Jun
Multi-Race,952,0.7,37,0.7,2.2,6/25/20,Jun
American Indian or Alaska Native,253,0.2,17,0.3,0.5,6/25/20,Jun
Native Hawaiian and other Pacific Islander,881,0.6,24,0.4,0.3,6/25/20,Jun
Other,18362,13.4,52,0.9,0,6/25/20,Jun
Latino,79934,56.8,2336,41,38.9,6/26/20,Jun
White,23899,17,1864,32.8,36.6,6/26/20,Jun
Asian,9647,6.9,823,14.5,15.4,6/26/20,Jun
Black,6215,4.4,534,9.4,6,6/26/20,Jun
Multi-Race,989,0.7,37,0.7,2.2,6/26/20,Jun
American Indian or Alaska Native,260,0.2,18,0.3,0.5,6/26/20,Jun
Native Hawaiian and other Pacific Islander,893,0.6,22,0.4,0.3,6/26/20,Jun
Other,18864,13.4,57,1,0,6/26/20,Jun
Latino,80875,56.6,2348,41.1,38.9,6/27/20,Jun
White,24242,17,1868,32.7,36.6,6/27/20,Jun
Asian,9724,6.8,831,14.5,15.4,6/27/20,Jun
Black,6309,4.4,533,9.3,6,6/27/20,Jun
Multi-Race,1019,0.7,34,0.6,2.2,6/27/20,Jun
American Indian or Alaska Native,266,0.2,18,0.3,0.5,6/27/20,Jun
Native Hawaiian and other Pacific Islander,900,0.6,22,0.4,0.3,6/27/20,Jun
Other,19484,13.6,57,1,0,6/27/20,Jun
Latino,82378,56.3,2380,41.4,38.9,6/28/20,Jun
White,24775,16.9,1857,32.3,36.6,6/28/20,Jun
Asian,9880,6.7,843,14.7,15.4,6/28/20,Jun
Black,6445,4.4,544,9.5,6,6/28/20,Jun
Multi-Race,1034,0.7,27,0.5,2.2,6/28/20,Jun
American Indian or Alaska Native,278,0.2,22,0.4,0.5,6/28/20,Jun
Native Hawaiian and other Pacific Islander,913,0.6,21,0.4,0.3,6/28/20,Jun
Other,20690,14.1,57,1,0,6/28/20,Jun
Latino,83658,55.7,2415,41.6,38.9,6/29/20,Jun
White,25250,16.8,1871,32.2,36.6,6/29/20,Jun
Asian,9976,6.6,848,14.6,15.4,6/29/20,Jun
Black,6557,4.4,551,9.5,6,6/29/20,Jun
Multi-Race,1045,0.7,27,0.5,2.2,6/29/20,Jun
American Indian or Alaska Native,288,0.2,22,0.4,0.5,6/29/20,Jun
Native Hawaiian and other Pacific Islander,924,0.6,23,0.4,0.3,6/29/20,Jun
Other,22518,15,54,0.9,0,6/29/20,Jun
Latino,86009,55.5,2456,41.6,38.9,6/30/20,Jun
White,26127,16.9,1902,32.2,36.6,6/30/20,Jun
Asian,10208,6.6,855,14.5,15.4,6/30/20,Jun
Black,6774,4.4,556,9.4,6,6/30/20,Jun
Multi-Race,1069,0.7,27,0.5,2.2,6/30/20,Jun
American Indian or Alaska Native,298,0.2,22,0.4,0.5,6/30/20,Jun
Native Hawaiian and other Pacific Islander,952,0.6,23,0.4,0.3,6/30/20,Jun
Other,23472,15.2,64,1.1,0,6/30/20,Jun
Latino,88642,55.6,2500,41.8,38.9,7/1/20,Jul
White,26891,16.9,1923,32.1,36.6,7/1/20,Jul
Asian,10421,6.5,859,14.4,15.4,7/1/20,Jul
Black,6953,4.4,561,9.4,6,7/1/20,Jul
Multi-Race,1112,0.7,28,0.5,2.2,7/1/20,Jul
American Indian or Alaska Native,310,0.2,22,0.4,0.5,7/1/20,Jul
Native Hawaiian and other Pacific Islander,975,0.6,23,0.4,0.3,7/1/20,Jul
Other,23996,15.1,67,1.1,0,7/1/20,Jul
Latino,91317,55.7,2546,41.8,38.9,7/2/20,Jul
White,27871,17,1957,32.1,36.6,7/2/20,Jul
Asian,10641,6.5,875,14.3,15.4,7/2/20,Jul
Black,7144,4.4,570,9.3,6,7/2/20,Jul
Multi-Race,1162,0.7,34,0.6,2.2,7/2/20,Jul
American Indian or Alaska Native,323,0.2,23,0.4,0.5,7/2/20,Jul
Native Hawaiian and other Pacific Islander,992,0.6,25,0.4,0.3,7/2/20,Jul
Other,24585,15,68,1.1,0,7/2/20,Jul
Latino,93556,55.6,2575,41.9,38.9,7/3/20,Jul
White,28799,17.1,1970,32.1,36.6,7/3/20,Jul
Asian,10826,6.4,879,14.3,15.4,7/3/20,Jul
Black,7310,4.3,572,9.3,6,7/3/20,Jul
Multi-Race,1187,0.7,34,0.6,2.2,7/3/20,Jul
American Indian or Alaska Native,337,0.2,23,0.4,0.5,7/3/20,Jul
Native Hawaiian and other Pacific Islander,1011,0.6,25,0.4,0.3,7/3/20,Jul
Other,25244,15,68,1.1,0,7/3/20,Jul
Latino,95380,55.5,2588,42,38.9,7/4/20,Jul
White,29598,17.2,1971,32,36.6,7/4/20,Jul
Asian,11013,6.4,880,14.3,15.4,7/4/20,Jul
Black,7432,4.3,572,9.3,6,7/4/20,Jul
Multi-Race,1223,0.7,34,0.6,2.2,7/4/20,Jul
American Indian or Alaska Native,343,0.2,23,0.4,0.5,7/4/20,Jul
Native Hawaiian and other Pacific Islander,1029,0.6,25,0.4,0.3,7/4/20,Jul
Other,25774,15,70,1.1,0,7/4/20,Jul
Latino,97599,55.1,2625,42.2,38.9,7/5/20,Jul
White,30519,17.2,1992,32,36.6,7/5/20,Jul
Asian,11219,6.3,883,14.2,15.4,7/5/20,Jul
Black,7693,4.3,575,9.2,6,7/5/20,Jul
Multi-Race,1252,0.7,34,0.5,2.2,7/5/20,Jul
American Indian or Alaska Native,349,0.2,23,0.4,0.5,7/5/20,Jul
Native Hawaiian and other Pacific Islander,1063,0.6,25,0.4,0.3,7/5/20,Jul
Other,27318,15.4,70,1.1,0,7/5/20,Jul
Latino,98954,54.9,2660,42.3,38.9,7/6/20,Jul
White,31221,17.3,2006,31.9,36.6,7/6/20,Jul
Asian,11355,6.3,886,14.1,15.4,7/6/20,Jul
Black,7869,4.4,577,9.2,6,7/6/20,Jul
Multi-Race,1276,0.7,34,0.5,2.2,7/6/20,Jul
American Indian or Alaska Native,359,0.2,23,0.4,0.5,7/6/20,Jul
Native Hawaiian and other Pacific Islander,1086,0.6,25,0.4,0.3,7/6/20,Jul
Other,28058,15.6,71,1.1,0,7/6/20,Jul
Latino,101464,54.6,2715,42.6,38.9,7/7/20,Jul
White,32447,17.5,2026,31.8,36.6,7/7/20,Jul
Asian,11635,6.3,892,14,15.4,7/7/20,Jul
Black,8125,4.4,582,9.1,6,7/7/20,Jul
Multi-Race,1332,0.7,33,0.5,2.2,7/7/20,Jul
American Indian or Alaska Native,381,0.2,23,0.4,0.5,7/7/20,Jul
Native Hawaiian and other Pacific Islander,1123,0.6,28,0.4,0.3,7/7/20,Jul
Other,29384,15.8,76,1.2,0,7/7/20,Jul
Latino,104040,54.7,2808,43.1,38.9,7/8/20,Jul
White,33275,17.5,2055,31.5,36.6,7/8/20,Jul
Asian,11815,6.2,903,13.8,15.4,7/8/20,Jul
Black,8336,4.4,593,9.1,6,7/8/20,Jul
Multi-Race,1382,0.7,34,0.5,2.2,7/8/20,Jul
American Indian or Alaska Native,393,0.2,23,0.4,0.5,7/8/20,Jul
Native Hawaiian and other Pacific Islander,1144,0.6,29,0.4,0.3,7/8/20,Jul
Other,29919,15.7,75,1.2,0,7/8/20,Jul
Latino,106923,54.7,2884,43.3,38.9,7/9/20,Jul
White,34343,17.6,2089,31.4,36.6,7/9/20,Jul
Asian,12032,6.2,912,13.7,15.4,7/9/20,Jul
Black,8560,4.4,601,9,6,7/9/20,Jul
Multi-Race,1429,0.7,36,0.5,2.2,7/9/20,Jul
American Indian or Alaska Native,405,0.2,24,0.4,0.5,7/9/20,Jul
Native Hawaiian and other Pacific Islander,1187,0.6,30,0.5,0.3,7/9/20,Jul
Other,30648,15.7,82,1.2,0,7/9/20,Jul
Latino,109834,54.8,2941,43.6,38.9,7/10/20,Jul
White,35378,17.6,2103,31.2,36.6,7/10/20,Jul
Asian,12234,6.1,922,13.7,15.4,7/10/20,Jul
Black,8777,4.4,608,9,6,7/10/20,Jul
Multi-Race,1479,0.7,38,0.6,2.2,7/10/20,Jul
American Indian or Alaska Native,422,0.2,24,0.4,0.5,7/10/20,Jul
Native Hawaiian and other Pacific Islander,1211,0.6,33,0.5,0.3,7/10/20,Jul
Other,31186,15.6,81,1.2,0,7/10/20,Jul
Latino,112854,54.8,3020,43.8,38.9,7/11/20,Jul
White,36481,17.7,2140,31.1,36.6,7/11/20,Jul
Asian,12473,6.1,933,13.5,15.4,7/11/20,Jul
Black,9021,4.4,613,8.9,6,7/11/20,Jul
Multi-Race,1531,0.7,40,0.6,2.2,7/11/20,Jul
American Indian or Alaska Native,446,0.2,25,0.4,0.5,7/11/20,Jul
Native Hawaiian and other Pacific Islander,1243,0.6,33,0.5,0.3,7/11/20,Jul
Other,32060,15.6,84,1.2,0,7/11/20,Jul
Latino,115828,54.8,3029,43.8,38.9,7/12/20,Jul
White,37400,17.7,2147,31.1,36.6,7/12/20,Jul
Asian,12648,6,934,13.5,15.4,7/12/20,Jul
Black,9196,4.3,615,8.9,6,7/12/20,Jul
Multi-Race,1563,0.7,40,0.6,2.2,7/12/20,Jul
American Indian or Alaska Native,458,0.2,25,0.4,0.5,7/12/20,Jul
Native Hawaiian and other Pacific Islander,1282,0.6,34,0.5,0.3,7/12/20,Jul
Other,33170,15.7,84,1.2,0,7/12/20,Jul
Latino,118368,54.7,3037,43.9,38.9,7/13/20,Jul
White,38167,17.6,2150,31.1,36.6,7/13/20,Jul
Asian,12866,5.9,936,13.5,15.4,7/13/20,Jul
Black,9389,4.3,616,8.9,6,7/13/20,Jul
Multi-Race,1587,0.7,40,0.6,2.2,7/13/20,Jul
American Indian or Alaska Native,460,0.2,25,0.4,0.5,7/13/20,Jul
Native Hawaiian and other Pacific Islander,1306,0.6,34,0.5,0.3,7/13/20,Jul
Other,34230,15.8,86,1.2,0,7/13/20,Jul
Latino,122179,54.6,3091,43.9,38.9,7/14/20,Jul
White,39528,17.7,2190,31.1,36.6,7/14/20,Jul
Asian,13167,5.9,949,13.5,15.4,7/14/20,Jul
Black,9697,4.3,621,8.8,6,7/14/20,Jul
Multi-Race,1621,0.7,41,0.6,2.2,7/14/20,Jul
American Indian or Alaska Native,482,0.2,25,0.4,0.5,7/14/20,Jul
Native Hawaiian and other Pacific Islander,1348,0.6,34,0.5,0.3,7/14/20,Jul
Other,35554,15.9,87,1.2,0,7/14/20,Jul
Latino,125858,54.8,3141,44,38.9,7/15/20,Jul
White,40603,17.7,2217,31.1,36.6,7/15/20,Jul
Asian,13417,5.8,962,13.5,15.4,7/15/20,Jul
Black,9963,4.3,628,8.8,6,7/15/20,Jul
Multi-Race,1679,0.7,41,0.6,2.2,7/15/20,Jul
American Indian or Alaska Native,498,0.2,25,0.4,0.5,7/15/20,Jul
Native Hawaiian and other Pacific Islander,1389,0.6,35,0.5,0.3,7/15/20,Jul
Other,36108,15.7,91,1.3,0,7/15/20,Jul
Latino,129827,55.1,3204,44.2,38.9,7/16/20,Jul
White,41589,17.7,2235,30.9,36.6,7/16/20,Jul
Asian,13651,5.8,975,13.5,15.4,7/16/20,Jul
Black,10199,4.3,635,8.8,6,7/16/20,Jul
Multi-Race,1735,0.7,42,0.6,2.2,7/16/20,Jul
American Indian or Alaska Native,516,0.2,25,0.3,0.5,7/16/20,Jul
Native Hawaiian and other Pacific Islander,1420,0.6,37,0.5,0.3,7/16/20,Jul
Other,36602,15.5,90,1.2,0,7/16/20,Jul
Latino,133843,55.4,3283,44.5,38.9,7/17/20,Jul
White,42533,17.6,2269,30.8,36.6,7/17/20,Jul
Asian,13898,5.8,987,13.4,15.4,7/17/20,Jul
Black,10432,4.3,641,8.7,6,7/17/20,Jul
Multi-Race,1790,0.7,41,0.6,2.2,7/17/20,Jul
American Indian or Alaska Native,532,0.2,25,0.3,0.5,7/17/20,Jul
Native Hawaiian and other Pacific Islander,1453,0.6,39,0.5,0.3,7/17/20,Jul
Other,36909,15.3,91,1.2,0,7/17/20,Jul
Latino,137657,55.6,3359,44.8,38.9,7/18/20,Jul
White,43542,17.6,2298,30.6,36.6,7/18/20,Jul
Asian,14187,5.7,993,13.2,15.4,7/18/20,Jul
Black,10678,4.3,654,8.7,6,7/18/20,Jul
Multi-Race,1842,0.7,41,0.5,2.2,7/18/20,Jul
American Indian or Alaska Native,550,0.2,25,0.3,0.5,7/18/20,Jul
Native Hawaiian and other Pacific Islander,1496,0.6,40,0.5,0.3,7/18/20,Jul
Other,37417,15.1,91,1.2,0,7/18/20,Jul
Latino,140066,55.7,3373,44.8,38.9,7/19/20,Jul
White,44276,17.6,2308,30.7,36.6,7/19/20,Jul
Asian,14368,5.7,997,13.2,15.4,7/19/20,Jul
Black,10866,4.3,654,8.7,6,7/19/20,Jul
Multi-Race,1887,0.7,41,0.5,2.2,7/19/20,Jul
American Indian or Alaska Native,566,0.2,25,0.3,0.5,7/19/20,Jul
Native Hawaiian and other Pacific Islander,1512,0.6,41,0.5,0.3,7/19/20,Jul
Other,38119,15.1,91,1.2,0,7/19/20,Jul
Latino,143273,55.6,3386,44.8,38.9,7/20/20,Jul
White,45199,17.5,2318,30.7,36.6,7/20/20,Jul
Asian,14606,5.7,998,13.2,15.4,7/20/20,Jul
Black,11069,4.3,654,8.7,6,7/20/20,Jul
Multi-Race,1916,0.7,41,0.5,2.2,7/20/20,Jul
American Indian or Alaska Native,576,0.2,25,0.3,0.5,7/20/20,Jul
Native Hawaiian and other Pacific Islander,1542,0.6,41,0.5,0.3,7/20/20,Jul
Other,39369,15.3,92,1.2,0,7/20/20,Jul
Latino,146903,55.6,3455,45,38.9,7/21/20,Jul
White,46562,17.6,2347,30.6,36.6,7/21/20,Jul
Asian,14920,5.6,1008,13.1,15.4,7/21/20,Jul
Black,11396,4.3,660,8.6,6,7/21/20,Jul
Multi-Race,1967,0.7,41,0.5,2.2,7/21/20,Jul
American Indian or Alaska Native,587,0.2,27,0.4,0.5,7/21/20,Jul
Native Hawaiian and other Pacific Islander,1590,0.6,41,0.5,0.3,7/21/20,Jul
Other,40455,15.3,93,1.2,0,7/21/20,Jul
Latino,150960,55.6,3532,45.2,38.9,7/22/20,Jul
White,47871,17.6,2384,30.5,36.6,7/22/20,Jul
Asian,15253,5.6,1021,13.1,15.4,7/22/20,Jul
Black,11717,4.3,672,8.6,6,7/22/20,Jul
Multi-Race,2014,0.7,42,0.5,2.2,7/22/20,Jul
American Indian or Alaska Native,616,0.2,28,0.4,0.5,7/22/20,Jul
Native Hawaiian and other Pacific Islander,1632,0.6,40,0.5,0.3,7/22/20,Jul
Other,41644,15.3,97,1.2,0,7/22/20,Jul
Latino,154440,55.6,3605,45.3,38.9,7/23/20,Jul
White,48849,17.6,2418,30.4,36.6,7/23/20,Jul
Asian,15529,5.6,1031,13,15.4,7/23/20,Jul
Black,11969,4.3,681,8.6,6,7/23/20,Jul
Multi-Race,2062,0.7,42,0.5,2.2,7/23/20,Jul
American Indian or Alaska Native,630,0.2,29,0.4,0.5,7/23/20,Jul
Native Hawaiian and other Pacific Islander,1673,0.6,40,0.5,0.3,7/23/20,Jul
Other,42374,15.3,105,1.3,0,7/23/20,Jul
Latino,158493,55.7,3676,45.5,38.9,7/24/20,Jul
White,50103,17.6,2450,30.3,36.6,7/24/20,Jul
Asian,15810,5.6,1043,12.9,15.4,7/24/20,Jul
Black,12281,4.3,691,8.6,6,7/24/20,Jul
Multi-Race,2131,0.7,39,0.5,2.2,7/24/20,Jul
American Indian or Alaska Native,645,0.2,29,0.4,0.5,7/24/20,Jul
Native Hawaiian and other Pacific Islander,1710,0.6,45,0.6,0.3,7/24/20,Jul
Other,43217,15.2,108,1.3,0,7/24/20,Jul
Latino,162991,56.1,3740,45.6,38.9,7/25/20,Jul
White,50967,17.5,2474,30.2,36.6,7/25/20,Jul
Asian,16090,5.5,1056,12.9,15.4,7/25/20,Jul
Black,12503,4.3,697,8.5,6,7/25/20,Jul
Multi-Race,2195,0.8,42,0.5,2.2,7/25/20,Jul
American Indian or Alaska Native,662,0.2,31,0.4,0.5,7/25/20,Jul
Native Hawaiian and other Pacific Islander,1738,0.6,45,0.5,0.3,7/25/20,Jul
Other,43453,15,112,1.4,0,7/25/20,Jul
Latino,165201,56,3763,45.7,38.9,7/26/20,Jul
White,51728,17.5,2484,30.2,36.6,7/26/20,Jul
Asian,16289,5.5,1058,12.8,15.4,7/26/20,Jul
Black,12741,4.3,701,8.5,6,7/26/20,Jul
Multi-Race,2241,0.8,43,0.5,2.2,7/26/20,Jul
American Indian or Alaska Native,678,0.2,32,0.4,0.5,7/26/20,Jul
Native Hawaiian and other Pacific Islander,1757,0.6,45,0.5,0.3,7/26/20,Jul
Other,44468,15.1,112,1.4,0,7/26/20,Jul
Latino,167650,56.1,3770,45.6,38.9,7/27/20,Jul
White,52331,17.5,2495,30.2,36.6,7/27/20,Jul
Asian,16449,5.5,1062,12.9,15.4,7/27/20,Jul
Black,12866,4.3,701,8.5,6,7/27/20,Jul
Multi-Race,2259,0.8,43,0.5,2.2,7/27/20,Jul
American Indian or Alaska Native,693,0.2,33,0.4,0.5,7/27/20,Jul
Native Hawaiian and other Pacific Islander,1774,0.6,45,0.5,0.3,7/27/20,Jul
Other,44931,15,112,1.4,0,7/27/20,Jul
Latino,170398,56.1,3846,45.9,38.9,7/28/20,Jul
White,53194,17.5,2516,30,36.6,7/28/20,Jul
Asian,16699,5.5,1073,12.8,15.4,7/28/20,Jul
Black,13099,4.3,710,8.5,6,7/28/20,Jul
Multi-Race,2305,0.8,46,0.5,2.2,7/28/20,Jul
American Indian or Alaska Native,713,0.2,32,0.4,0.5,7/28/20,Jul
Native Hawaiian and other Pacific Islander,1806,0.6,47,0.6,0.3,7/28/20,Jul
Other,45580,15,109,1.3,0,7/28/20,Jul
Latino,176527,56.6,3963,46.1,38.9,7/29/20,Jul
White,54219,17.4,2583,30,36.6,7/29/20,Jul
Asian,17049,5.5,1091,12.7,15.4,7/29/20,Jul
Black,13382,4.3,722,8.4,6,7/29/20,Jul
Multi-Race,2399,0.8,46,0.5,2.2,7/29/20,Jul
American Indian or Alaska Native,731,0.2,32,0.4,0.5,7/29/20,Jul
Native Hawaiian and other Pacific Islander,1844,0.6,47,0.5,0.3,7/29/20,Jul
Other,45709,14.7,115,1.3,0,7/29/20,Jul
Latino,181443,57,4043,46.1,38.9,7/30/20,Jul
White,55238,17.4,2633,30,36.6,7/30/20,Jul
Asian,17323,5.4,1109,12.7,15.4,7/30/20,Jul
Black,13622,4.3,734,8.4,6,7/30/20,Jul
Multi-Race,2544,0.8,49,0.6,2.2,7/30/20,Jul
American Indian or Alaska Native,747,0.2,33,0.4,0.5,7/30/20,Jul
Native Hawaiian and other Pacific Islander,1877,0.6,47,0.5,0.3,7/30/20,Jul
Other,45547,14.3,118,1.3,0,7/30/20,Jul
Latino,185186,57.4,4115,46.2,38.9,7/31/20,Jul
White,55755,17.3,2667,30,36.6,7/31/20,Jul
Asian,17534,5.4,1124,12.6,15.4,7/31/20,Jul
Black,13795,4.3,745,8.4,6,7/31/20,Jul
Multi-Race,2563,0.8,50,0.6,2.2,7/31/20,Jul
American Indian or Alaska Native,754,0.2,33,0.4,0.5,7/31/20,Jul
Native Hawaiian and other Pacific Islander,1895,0.6,48,0.5,0.3,7/31/20,Jul
Other,45265,14,121,1.4,0,7/31/20,Jul
Latino,189415,57.7,4189,46.3,38.9,8/1/20,Aug
White,56636,17.2,2713,30,36.6,8/1/20,Aug
Asian,17776,5.4,1132,12.5,15.4,8/1/20,Aug
Black,14024,4.3,756,8.4,6,8/1/20,Aug
Multi-Race,2640,0.8,50,0.6,2.2,8/1/20,Aug
American Indian or Alaska Native,767,0.2,33,0.4,0.5,8/1/20,Aug
Native Hawaiian and other Pacific Islander,1927,0.6,48,0.5,0.3,8/1/20,Aug
Other,45266,13.8,126,1.4,0,8/1/20,Aug
Latino,191958,57.8,4218,46.3,38.9,8/2/20,Aug
White,57183,17.2,2735,30,36.6,8/2/20,Aug
Asian,17959,5.4,1138,12.5,15.4,8/2/20,Aug
Black,14149,4.3,761,8.3,6,8/2/20,Aug
Multi-Race,2678,0.8,49,0.5,2.2,8/2/20,Aug
American Indian or Alaska Native,778,0.2,34,0.4,0.5,8/2/20,Aug
Native Hawaiian and other Pacific Islander,1942,0.6,49,0.5,0.3,8/2/20,Aug
Other,45387,13.7,130,1.4,0,8/2/20,Aug
Latino,194440,58,4244,46.3,38.9,8/3/20,Aug
White,57652,17.2,2754,30.1,36.6,8/3/20,Aug
Asian,18092,5.4,1142,12.5,15.4,8/3/20,Aug
Black,14265,4.3,764,8.3,6,8/3/20,Aug
Multi-Race,2708,0.8,49,0.5,2.2,8/3/20,Aug
American Indian or Alaska Native,786,0.2,35,0.4,0.5,8/3/20,Aug
Native Hawaiian and other Pacific Islander,1962,0.6,50,0.5,0.3,8/3/20,Aug
Other,45494,13.6,124,1.4,0,8/3/20,Aug
Latino,198039,58.2,4362,46.6,38.9,8/4/20,Aug
White,58376,17.2,2803,29.9,36.6,8/4/20,Aug
Asian,18392,5.4,1156,12.3,15.4,8/4/20,Aug
Black,14475,4.3,787,8.4,6,8/4/20,Aug
Multi-Race,2755,0.8,50,0.5,2.2,8/4/20,Aug
American Indian or Alaska Native,792,0.2,37,0.4,0.5,8/4/20,Aug
Native Hawaiian and other Pacific Islander,1979,0.6,50,0.5,0.3,8/4/20,Aug
Other,45492,13.4,122,1.3,0,8/4/20,Aug
Latino,201559,58.4,4438,46.7,38.9,8/5/20,Aug
White,59102,17.1,2836,29.8,36.6,8/5/20,Aug
Asian,18678,5.4,1171,12.3,15.4,8/5/20,Aug
Black,14691,4.3,797,8.4,6,8/5/20,Aug
Multi-Race,2830,0.8,53,0.6,2.2,8/5/20,Aug
American Indian or Alaska Native,801,0.2,38,0.4,0.5,8/5/20,Aug
Native Hawaiian and other Pacific Islander,2000,0.6,50,0.5,0.3,8/5/20,Aug
Other,45658,13.2,122,1.3,0,8/5/20,Aug
Latino,205622,58.5,4512,46.8,38.9,8/6/20,Aug
White,60095,17.1,2868,29.8,36.6,8/6/20,Aug
Asian,19017,5.4,1183,12.3,15.4,8/6/20,Aug
Black,14984,4.3,811,8.4,6,8/6/20,Aug
Multi-Race,2914,0.8,54,0.6,2.2,8/6/20,Aug
American Indian or Alaska Native,822,0.2,38,0.4,0.5,8/6/20,Aug
Native Hawaiian and other Pacific Islander,2034,0.6,48,0.5,0.3,8/6/20,Aug
Other,46295,13.2,125,1.3,0,8/6/20,Aug
Latino,209385,58.6,4583,46.8,38.9,8/7/20,Aug
White,60981,17.1,2920,29.8,36.6,8/7/20,Aug
Asian,19325,5.4,1199,12.2,15.4,8/7/20,Aug
Black,15253,4.3,819,8.4,6,8/7/20,Aug
Multi-Race,2979,0.8,55,0.6,2.2,8/7/20,Aug
American Indian or Alaska Native,841,0.2,38,0.4,0.5,8/7/20,Aug
Native Hawaiian and other Pacific Islander,2064,0.6,48,0.5,0.3,8/7/20,Aug
Other,46748,13.1,129,1.3,0,8/7/20,Aug
Latino,213410,58.7,4692,46.9,38.9,8/8/20,Aug
White,61932,17,2988,29.9,36.6,8/8/20,Aug
Asian,19659,5.4,1226,12.3,15.4,8/8/20,Aug
Black,15502,4.3,830,8.3,6,8/8/20,Aug
Multi-Race,3046,0.8,57,0.6,2.2,8/8/20,Aug
American Indian or Alaska Native,842,0.2,39,0.4,0.5,8/8/20,Aug
Native Hawaiian and other Pacific Islander,2097,0.6,48,0.5,0.3,8/8/20,Aug
Other,47023,12.9,124,1.2,0,8/8/20,Aug
Latino,216008,58.8,4735,47,38.9,8/9/20,Aug
White,62441,17,3011,29.9,36.6,8/9/20,Aug
Asian,19819,5.4,1231,12.2,15.4,8/9/20,Aug
Black,15622,4.3,835,8.3,6,8/9/20,Aug
Multi-Race,3087,0.8,57,0.6,2.2,8/9/20,Aug
American Indian or Alaska Native,854,0.2,39,0.4,0.5,8/9/20,Aug
Native Hawaiian and other Pacific Islander,2113,0.6,48,0.5,0.3,8/9/20,Aug
Other,47170,12.8,124,1.2,0,8/9/20,Aug
Latino,218706,58.8,4753,47,38.9,8/10/20,Aug
White,63299,17,3021,29.9,36.6,8/10/20,Aug
Asian,20010,5.4,1233,12.2,15.4,8/10/20,Aug
Black,15831,4.3,837,8.3,6,8/10/20,Aug
Multi-Race,3124,0.8,57,0.6,2.2,8/10/20,Aug
American Indian or Alaska Native,869,0.2,39,0.4,0.5,8/10/20,Aug
Native Hawaiian and other Pacific Islander,2151,0.6,48,0.5,0.3,8/10/20,Aug
Other,48199,13,124,1.2,0,8/10/20,Aug
Latino,222781,58.8,4845,47,38.9,8/11/20,Aug
White,64551,17,3075,29.9,36.6,8/11/20,Aug
Asian,20399,5.4,1252,12.2,15.4,8/11/20,Aug
Black,16141,4.3,850,8.3,6,8/11/20,Aug
Multi-Race,3198,0.8,60,0.6,2.2,8/11/20,Aug
American Indian or Alaska Native,883,0.2,41,0.4,0.5,8/11/20,Aug
Native Hawaiian and other Pacific Islander,2197,0.6,48,0.5,0.3,8/11/20,Aug
Other,48781,12.9,130,1.3,0,8/11/20,Aug
Latino,226715,58.9,4935,47.2,38.9,8/12/20,Aug
White,65396,17,3118,29.8,36.6,8/12/20,Aug
Asian,20696,5.4,1269,12.1,15.4,8/12/20,Aug
Black,16390,4.3,857,8.2,6,8/12/20,Aug
Multi-Race,3262,0.8,62,0.6,2.2,8/12/20,Aug
American Indian or Alaska Native,913,0.2,41,0.4,0.5,8/12/20,Aug
Native Hawaiian and other Pacific Islander,2232,0.6,52,0.5,0.3,8/12/20,Aug
Other,49136,12.8,127,1.2,0,8/12/20,Aug
Latino,230367,58.9,5024,47.3,38.9,8/13/20,Aug
White,66470,17,3160,29.8,36.6,8/13/20,Aug
Asian,21090,5.4,1282,12.1,15.4,8/13/20,Aug
Black,16729,4.3,864,8.1,6,8/13/20,Aug
Multi-Race,3317,0.8,61,0.6,2.2,8/13/20,Aug
American Indian or Alaska Native,927,0.2,41,0.4,0.5,8/13/20,Aug
Native Hawaiian and other Pacific Islander,2254,0.6,51,0.5,0.3,8/13/20,Aug
Other,50279,12.8,130,1.2,0,8/13/20,Aug
Latino,235700,58.9,5098,47.4,38.9,8/14/20,Aug
White,68063,17,3204,29.8,36.6,8/14/20,Aug
Asian,21537,5.4,1298,12.1,15.4,8/14/20,Aug
Black,17130,4.3,872,8.1,6,8/14/20,Aug
Multi-Race,3397,0.8,63,0.6,2.2,8/14/20,Aug
American Indian or Alaska Native,960,0.2,40,0.4,0.5,8/14/20,Aug
Native Hawaiian and other Pacific Islander,2302,0.6,55,0.5,0.3,8/14/20,Aug
Other,51334,12.8,136,1.3,0,8/14/20,Aug
Latino,238931,58.9,5148,47.4,38.9,8/15/20,Aug
White,68815,17,3226,29.7,36.6,8/15/20,Aug
Asian,21825,5.4,1305,12,15.4,8/15/20,Aug
Black,17361,4.3,874,8.1,6,8/15/20,Aug
Multi-Race,3471,0.9,66,0.6,2.2,8/15/20,Aug
American Indian or Alaska Native,969,0.2,41,0.4,0.5,8/15/20,Aug
Native Hawaiian and other Pacific Islander,2336,0.6,55,0.5,0.3,8/15/20,Aug
Other,51760,12.8,139,1.3,0,8/15/20,Aug
Latino,240925,59,5167,47.5,38.9,8/16/20,Aug
White,69364,17,3229,29.7,36.6,8/16/20,Aug
Asian,22008,5.4,1306,12,15.4,8/16/20,Aug
Black,17496,4.3,875,8,6,8/16/20,Aug
Multi-Race,3501,0.9,67,0.6,2.2,8/16/20,Aug
American Indian or Alaska Native,978,0.2,41,0.4,0.5,8/16/20,Aug
Native Hawaiian and other Pacific Islander,2348,0.6,55,0.5,0.3,8/16/20,Aug
Other,52053,12.7,138,1.3,0,8/16/20,Aug
Latino,242587,59,5186,47.5,38.9,8/17/20,Aug
White,69806,17,3238,29.7,36.6,8/17/20,Aug
Asian,22147,5.4,1311,12,15.4,8/17/20,Aug
Black,17615,4.3,876,8,6,8/17/20,Aug
Multi-Race,3533,0.9,67,0.6,2.2,8/17/20,Aug
American Indian or Alaska Native,987,0.2,41,0.4,0.5,8/17/20,Aug
Native Hawaiian and other Pacific Islander,2365,0.6,53,0.5,0.3,8/17/20,Aug
Other,52325,12.7,138,1.3,0,8/17/20,Aug
Latino,245505,59,5305,47.6,38.9,8/18/20,Aug
White,70517,17,3316,29.7,36.6,8/18/20,Aug
Asian,22447,5.4,1335,12,15.4,8/18/20,Aug
Black,17812,4.3,892,8,6,8/18/20,Aug
Multi-Race,3592,0.9,69,0.6,2.2,8/18/20,Aug
American Indian or Alaska Native,1003,0.2,40,0.4,0.5,8/18/20,Aug
Native Hawaiian and other Pacific Islander,2398,0.6,53,0.5,0.3,8/18/20,Aug
Other,52602,12.6,137,1.2,0,8/18/20,Aug
Latino,249313,59.2,5386,47.7,38.9,8/19/20,Aug
White,71233,16.9,3356,29.7,36.6,8/19/20,Aug
Asian,22737,5.4,1347,11.9,15.4,8/19/20,Aug
Black,18043,4.3,905,8,6,8/19/20,Aug
Multi-Race,3658,0.9,68,0.6,2.2,8/19/20,Aug
American Indian or Alaska Native,1014,0.2,40,0.4,0.5,8/19/20,Aug
Native Hawaiian and other Pacific Islander,2426,0.6,54,0.5,0.3,8/19/20,Aug
Other,52719,12.5,142,1.3,0,8/19/20,Aug
Latino,253097,59.4,5469,47.9,38.9,8/20/20,Aug
White,71980,16.9,3379,29.6,36.6,8/20/20,Aug
Asian,23023,5.4,1360,11.9,15.4,8/20/20,Aug
Black,18254,4.3,912,8,6,8/20/20,Aug
Multi-Race,3730,0.9,72,0.6,2.2,8/20/20,Aug
American Indian or Alaska Native,1023,0.2,40,0.4,0.5,8/20/20,Aug
Native Hawaiian and other Pacific Islander,2445,0.6,52,0.5,0.3,8/20/20,Aug
Other,52805,12.4,133,1.2,0,8/20/20,Aug
Latino,256677,59.5,5551,48,38.9,8/21/20,Aug
White,72737,16.9,3413,29.5,36.6,8/21/20,Aug
Asian,23299,5.4,1379,11.9,15.4,8/21/20,Aug
Black,18440,4.3,924,8,6,8/21/20,Aug
Multi-Race,3790,0.9,72,0.6,2.2,8/21/20,Aug
American Indian or Alaska Native,1032,0.2,39,0.3,0.5,8/21/20,Aug
Native Hawaiian and other Pacific Islander,2468,0.6,53,0.5,0.3,8/21/20,Aug
Other,53011,12.3,134,1.2,0,8/21/20,Aug
Latino,260163,59.6,5653,48.1,38.9,8/22/20,Aug
White,73561,16.8,3466,29.5,36.6,8/22/20,Aug
Asian,23584,5.4,1394,11.9,15.4,8/22/20,Aug
Black,18651,4.3,935,8,6,8/22/20,Aug
Multi-Race,3843,0.9,74,0.6,2.2,8/22/20,Aug
American Indian or Alaska Native,1041,0.2,37,0.3,0.5,8/22/20,Aug
Native Hawaiian and other Pacific Islander,2498,0.6,53,0.5,0.3,8/22/20,Aug
Other,53280,12.2,139,1.2,0,8/22/20,Aug
Latino,262106,59.5,5666,48.1,38.9,8/23/20,Aug
White,74224,16.9,3470,29.5,36.6,8/23/20,Aug
Asian,23811,5.4,1399,11.9,15.4,8/23/20,Aug
Black,18817,4.3,935,7.9,6,8/23/20,Aug
Multi-Race,3875,0.9,75,0.6,2.2,8/23/20,Aug
American Indian or Alaska Native,1051,0.2,37,0.3,0.5,8/23/20,Aug
Native Hawaiian and other Pacific Islander,2510,0.6,54,0.5,0.3,8/23/20,Aug
Other,53800,12.2,135,1.1,0,8/23/20,Aug
Latino,263688,59.5,5686,48.1,38.9,8/24/20,Aug
White,74797,16.9,3492,29.6,36.6,8/24/20,Aug
Asian,23977,5.4,1402,11.9,15.4,8/24/20,Aug
Black,18956,4.3,935,7.9,6,8/24/20,Aug
Multi-Race,3902,0.9,75,0.6,2.2,8/24/20,Aug
American Indian or Alaska Native,1061,0.2,37,0.3,0.5,8/24/20,Aug
Native Hawaiian and other Pacific Islander,2522,0.6,54,0.5,0.3,8/24/20,Aug
Other,54385,12.3,134,1.1,0,8/24/20,Aug
Latino,266430,59.5,5786,48.2,38.9,8/25/20,Aug
White,75578,16.9,3549,29.6,36.6,8/25/20,Aug
Asian,24252,5.4,1421,11.8,15.4,8/25/20,Aug
Black,19168,4.3,945,7.9,6,8/25/20,Aug
Multi-Race,3949,0.9,76,0.6,2.2,8/25/20,Aug
American Indian or Alaska Native,1075,0.2,38,0.3,0.5,8/25/20,Aug
Native Hawaiian and other Pacific Islander,2548,0.6,54,0.4,0.3,8/25/20,Aug
Other,54653,12.2,134,1.1,0,8/25/20,Aug
Latino,269683,59.7,5866,48.3,38.9,8/26/20,Aug
White,76255,16.9,3591,29.6,36.6,8/26/20,Aug
Asian,24476,5.4,1440,11.9,15.4,8/26/20,Aug
Black,19321,4.3,951,7.8,6,8/26/20,Aug
Multi-Race,4026,0.9,74,0.6,2.2,8/26/20,Aug
American Indian or Alaska Native,1110,0.2,38,0.3,0.5,8/26/20,Aug
Native Hawaiian and other Pacific Islander,2569,0.6,52,0.4,0.3,8/26/20,Aug
Other,54502,12.1,132,1.1,0,8/26/20,Aug
Latino,273132,59.8,5957,48.4,38.9,8/27/20,Aug
White,76976,16.9,3621,29.4,36.6,8/27/20,Aug
Asian,24747,5.4,1462,11.9,15.4,8/27/20,Aug
Black,19495,4.3,956,7.8,6,8/27/20,Aug
Multi-Race,4101,0.9,76,0.6,2.2,8/27/20,Aug
American Indian or Alaska Native,1131,0.2,38,0.3,0.5,8/27/20,Aug
Native Hawaiian and other Pacific Islander,2581,0.6,52,0.4,0.3,8/27/20,Aug
Other,54488,11.9,136,1.1,0,8/27/20,Aug
Latino,276268,59.9,5999,48.4,38.9,8/28/20,Aug
White,77747,16.9,3655,29.5,36.6,8/28/20,Aug
Asian,24997,5.4,1471,11.9,15.4,8/28/20,Aug
Black,19680,4.3,966,7.8,6,8/28/20,Aug
Multi-Race,4171,0.9,76,0.6,2.2,8/28/20,Aug
American Indian or Alaska Native,1147,0.2,38,0.3,0.5,8/28/20,Aug
Native Hawaiian and other Pacific Islander,2602,0.6,52,0.4,0.3,8/28/20,Aug
Other,54595,11.8,139,1.1,0,8/28/20,Aug
Latino,279244,59.9,6076,48.4,38.9,8/29/20,Aug
White,78587,16.9,3702,29.5,36.6,8/29/20,Aug
Asian,25300,5.4,1486,11.8,15.4,8/29/20,Aug
Black,19874,4.3,975,7.8,6,8/29/20,Aug
Multi-Race,4243,0.9,77,0.6,2.2,8/29/20,Aug
American Indian or Alaska Native,1156,0.2,40,0.3,0.5,8/29/20,Aug
Native Hawaiian and other Pacific Islander,2624,0.6,53,0.4,0.3,8/29/20,Aug
Other,54940,11.8,145,1.2,0,8/29/20,Aug
Latino,281216,60,6083,48.4,38.9,8/30/20,Aug
White,79056,16.9,3703,29.5,36.6,8/30/20,Aug
Asian,25464,5.4,1485,11.8,15.4,8/30/20,Aug
Black,19978,4.3,975,7.8,6,8/30/20,Aug
Multi-Race,4315,0.9,77,0.6,2.2,8/30/20,Aug
American Indian or Alaska Native,1158,0.2,40,0.3,0.5,8/30/20,Aug
Native Hawaiian and other Pacific Islander,2630,0.6,55,0.4,0.3,8/30/20,Aug
Other,55062,11.7,146,1.2,0,8/30/20,Aug
Latino,282690,60,6110,48.4,38.9,8/31/20,Aug
White,79526,16.9,3716,29.5,36.6,8/31/20,Aug
Asian,25585,5.4,1488,11.8,15.4,8/31/20,Aug
Black,20098,4.3,979,7.8,6,8/31/20,Aug
Multi-Race,4340,0.9,77,0.6,2.2,8/31/20,Aug
American Indian or Alaska Native,1162,0.2,41,0.3,0.5,8/31/20,Aug
Native Hawaiian and other Pacific Islander,2643,0.6,55,0.4,0.3,8/31/20,Aug
Other,55381,11.7,145,1.1,0,8/31/20,Aug
Latino,284716,60,6206,48.5,38.9,9/1/20,Sept
White,80166,16.9,3773,29.5,36.6,9/1/20,Sept
Asian,25812,5.4,1504,11.8,15.4,9/1/20,Sept
Black,20245,4.3,996,7.8,6,9/1/20,Sept
Multi-Race,4377,0.9,77,0.6,2.2,9/1/20,Sept
American Indian or Alaska Native,1174,0.2,41,0.3,0.5,9/1/20,Sept
Native Hawaiian and other Pacific Islander,2664,0.6,56,0.4,0.3,9/1/20,Sept
Other,55505,11.7,147,1.1,0,9/1/20,Sept
Latino,288009,60.1,6280,48.5,38.9,9/2/20,Sept
White,80882,16.9,3811,29.4,36.6,9/2/20,Sept
Asian,26090,5.4,1528,11.8,15.4,9/2/20,Sept
Black,20440,4.3,1007,7.8,6,9/2/20,Sept
Multi-Race,4463,0.9,82,0.6,2.2,9/2/20,Sept
American Indian or Alaska Native,1188,0.2,41,0.3,0.5,9/2/20,Sept
Native Hawaiian and other Pacific Islander,2683,0.6,57,0.4,0.3,9/2/20,Sept
Other,55371,11.6,151,1.2,0,9/2/20,Sept
Latino,291111,60.2,6353,48.4,38.9,9/3/20,Sept
White,81675,16.9,3862,29.4,36.6,9/3/20,Sept
Asian,26369,5.5,1549,11.8,15.4,9/3/20,Sept
Black,20631,4.3,1019,7.8,6,9/3/20,Sept
Multi-Race,4559,0.9,84,0.6,2.2,9/3/20,Sept
American Indian or Alaska Native,1201,0.2,41,0.3,0.5,9/3/20,Sept
Native Hawaiian and other Pacific Islander,2719,0.6,57,0.4,0.3,9/3/20,Sept
Other,55378,11.5,156,1.2,0,9/3/20,Sept
Latino,294449,60.3,6430,48.4,38.9,9/4/20,Sept
White,82440,16.9,3918,29.5,36.6,9/4/20,Sept
Asian,26634,5.5,1560,11.7,15.4,9/4/20,Sept
Black,20863,4.3,1028,7.7,6,9/4/20,Sept
Multi-Race,4650,1,88,0.7,2.2,9/4/20,Sept
American Indian or Alaska Native,1210,0.2,40,0.3,0.5,9/4/20,Sept
Native Hawaiian and other Pacific Islander,2732,0.6,59,0.4,0.3,9/4/20,Sept
Other,55306,11.3,156,1.2,0,9/4/20,Sept
Latino,297838,60.4,6488,48.4,38.9,9/5/20,Sept
White,83259,16.9,3954,29.5,36.6,9/5/20,Sept
Asian,26887,5.5,1572,11.7,15.4,9/5/20,Sept
Black,21102,4.3,1038,7.7,6,9/5/20,Sept
Multi-Race,4732,1,87,0.6,2.2,9/5/20,Sept
American Indian or Alaska Native,1230,0.2,39,0.3,0.5,9/5/20,Sept
Native Hawaiian and other Pacific Islander,2748,0.6,59,0.4,0.3,9/5/20,Sept
Other,55302,11.2,159,1.2,0,9/5/20,Sept
Latino,299981,60.5,6501,48.5,38.9,9/6/20,Sept
White,83745,16.9,3952,29.5,36.6,9/6/20,Sept
Asian,27060,5.5,1575,11.7,15.4,9/6/20,Sept
Black,21216,4.3,1035,7.7,6,9/6/20,Sept
Multi-Race,4789,1,87,0.6,2.2,9/6/20,Sept
American Indian or Alaska Native,1232,0.2,39,0.3,0.5,9/6/20,Sept
Native Hawaiian and other Pacific Islander,2758,0.6,58,0.4,0.3,9/6/20,Sept
Other,55265,11.1,162,1.2,0,9/6/20,Sept
Latino,301026,60.5,6520,48.4,38.9,9/7/20,Sept
White,84121,16.9,3971,29.5,36.6,9/7/20,Sept
Asian,27177,5.5,1579,11.7,15.4,9/7/20,Sept
Black,21305,4.3,1039,7.7,6,9/7/20,Sept
Multi-Race,4811,1,89,0.7,2.2,9/7/20,Sept
American Indian or Alaska Native,1235,0.2,39,0.3,0.5,9/7/20,Sept
Native Hawaiian and other Pacific Islander,2766,0.6,59,0.4,0.3,9/7/20,Sept
Other,55504,11.1,162,1.2,0,9/7/20,Sept
Latino,303310,60.5,6583,48.5,38.9,9/8/20,Sept
White,84646,16.9,4019,29.6,36.6,9/8/20,Sept
Asian,27335,5.5,1587,11.7,15.4,9/8/20,Sept
Black,21434,4.3,1049,7.7,6,9/8/20,Sept
Multi-Race,4846,1,90,0.7,2.2,9/8/20,Sept
American Indian or Alaska Native,1247,0.2,41,0.3,0.5,9/8/20,Sept
Native Hawaiian and other Pacific Islander,2778,0.6,59,0.4,0.3,9/8/20,Sept
Other,55456,11.1,154,1.1,0,9/8/20,Sept
Latino,305364,60.6,6637,48.5,38.9,9/9/20,Sept
White,85124,16.9,4045,29.5,36.6,9/9/20,Sept
Asian,27534,5.5,1597,11.7,15.4,9/9/20,Sept
Black,21575,4.3,1059,7.7,6,9/9/20,Sept
Multi-Race,4883,1,94,0.7,2.2,9/9/20,Sept
American Indian or Alaska Native,1252,0.2,41,0.3,0.5,9/9/20,Sept
Native Hawaiian and other Pacific Islander,2796,0.6,59,0.4,0.3,9/9/20,Sept
Other,55425,11,159,1.2,0,9/9/20,Sept
Latino,308367,60.7,6686,48.4,38.9,9/10/20,Sept
White,85834,16.9,4088,29.6,36.6,9/10/20,Sept
Asian,27797,5.5,1606,11.6,15.4,9/10/20,Sept
Black,21724,4.3,1068,7.7,6,9/10/20,Sept
Multi-Race,4991,1,96,0.7,2.2,9/10/20,Sept
American Indian or Alaska Native,1266,0.2,41,0.3,0.5,9/10/20,Sept
Native Hawaiian and other Pacific Islander,2806,0.6,61,0.4,0.3,9/10/20,Sept
Other,55289,10.9,160,1.2,0,9/10/20,Sept
Latino,311044,60.7,6761,48.6,38.9,9/11/20,Sept
White,86555,16.9,4136,29.7,36.6,9/11/20,Sept
Asian,28117,5.5,1644,11.8,15.4,9/11/20,Sept
Black,21889,4.3,1072,7.7,6,9/11/20,Sept
Multi-Race,5071,1,97,0.7,2.2,9/11/20,Sept
American Indian or Alaska Native,1280,0.2,41,0.3,0.5,9/11/20,Sept
Native Hawaiian and other Pacific Islander,2818,0.6,56,0.4,0.3,9/11/20,Sept
Other,55335,10.8,116,0.8,0,9/11/20,Sept
Latino,313582,60.8,6824,48.6,38.9,9/12/20,Sept
White,87284,16.9,4165,29.7,36.6,9/12/20,Sept
Asian,28330,5.5,1654,11.8,15.4,9/12/20,Sept
Black,22091,4.3,1092,7.8,6,9/12/20,Sept
Multi-Race,5148,1,98,0.7,2.2,9/12/20,Sept
American Indian or Alaska Native,1291,0.3,42,0.3,0.5,9/12/20,Sept
Native Hawaiian and other Pacific Islander,2842,0.6,56,0.4,0.3,9/12/20,Sept
Other,55387,10.7,110,0.8,0,9/12/20,Sept
Latino,315026,60.8,6824,48.6,38.9,9/13/20,Sept
White,87683,16.9,4164,29.7,36.6,9/13/20,Sept
Asian,28499,5.5,1654,11.8,15.4,9/13/20,Sept
Black,22166,4.3,1091,7.8,6,9/13/20,Sept
Multi-Race,5212,1,98,0.7,2.2,9/13/20,Sept
American Indian or Alaska Native,1297,0.3,42,0.3,0.5,9/13/20,Sept
Native Hawaiian and other Pacific Islander,2855,0.6,57,0.4,0.3,9/13/20,Sept
Other,55521,10.7,110,0.8,0,9/13/20,Sept
Latino,315777,60.8,6850,48.6,38.9,9/14/20,Sept
White,87952,16.9,4182,29.7,36.6,9/14/20,Sept
Asian,28576,5.5,1656,11.8,15.4,9/14/20,Sept
Black,22216,4.3,1090,7.7,6,9/14/20,Sept
Multi-Race,5211,1,99,0.7,2.2,9/14/20,Sept
American Indian or Alaska Native,1297,0.2,42,0.3,0.5,9/14/20,Sept
Native Hawaiian and other Pacific Islander,2866,0.6,57,0.4,0.3,9/14/20,Sept
Other,55690,10.7,110,0.8,0,9/14/20,Sept
Latino,318025,60.8,6939,48.6,38.9,9/15/20,Sept
White,88615,16.9,4243,29.7,36.6,9/15/20,Sept
Asian,28773,5.5,1673,11.7,15.4,9/15/20,Sept
Black,22345,4.3,1101,7.7,6,9/15/20,Sept
Multi-Race,5273,1,98,0.7,2.2,9/15/20,Sept
American Indian or Alaska Native,1315,0.3,42,0.3,0.5,9/15/20,Sept
Native Hawaiian and other Pacific Islander,2874,0.5,58,0.4,0.3,9/15/20,Sept
Other,55644,10.6,110,0.8,0,9/15/20,Sept
Latino,320694,60.9,6967,48.5,38.9,9/16/20,Sept
White,89200,16.9,4281,29.8,36.6,9/16/20,Sept
Asian,28994,5.5,1683,11.7,15.4,9/16/20,Sept
Black,22454,4.3,1113,7.8,6,9/16/20,Sept
Multi-Race,5366,1,98,0.7,2.2,9/16/20,Sept
American Indian or Alaska Native,1340,0.3,42,0.3,0.5,9/16/20,Sept
Native Hawaiian and other Pacific Islander,2884,0.5,59,0.4,0.3,9/16/20,Sept
Other,55465,10.5,112,0.8,0,9/16/20,Sept
Latino,323301,61,7011,48.5,38.9,9/17/20,Sept
White,89819,16.9,4316,29.8,36.6,9/17/20,Sept
Asian,29228,5.5,1700,11.8,15.4,9/17/20,Sept
Black,22592,4.3,1113,7.7,6,9/17/20,Sept
Multi-Race,5434,1,98,0.7,2.2,9/17/20,Sept
American Indian or Alaska Native,1358,0.3,45,0.3,0.5,9/17/20,Sept
Native Hawaiian and other Pacific Islander,2897,0.5,61,0.4,0.3,9/17/20,Sept
Other,55427,10.5,116,0.8,0,9/17/20,Sept
Latino,325950,61,7087,48.6,38.9,9/18/20,Sept
White,90580,17,4338,29.7,36.6,9/18/20,Sept
Asian,29445,5.5,1712,11.7,15.4,9/18/20,Sept
Black,22772,4.3,1122,7.7,6,9/18/20,Sept
Multi-Race,5491,1,101,0.7,2.2,9/18/20,Sept
American Indian or Alaska Native,1373,0.3,46,0.3,0.5,9/18/20,Sept
Native Hawaiian and other Pacific Islander,2918,0.5,62,0.4,0.3,9/18/20,Sept
Other,55502,10.4,115,0.8,0,9/18/20,Sept
Latino,328275,61.1,7120,48.5,38.9,9/19/20,Sept
White,91202,17,4369,29.8,36.6,9/19/20,Sept
Asian,29647,5.5,1717,11.7,15.4,9/19/20,Sept
Black,22921,4.3,1134,7.7,6,9/19/20,Sept
Multi-Race,5547,1,103,0.7,2.2,9/19/20,Sept
American Indian or Alaska Native,1378,0.3,45,0.3,0.5,9/19/20,Sept
Native Hawaiian and other Pacific Islander,2938,0.5,65,0.4,0.3,9/19/20,Sept
Other,55702,10.4,115,0.8,0,9/19/20,Sept
Latino,329643,61.1,7125,48.5,38.9,9/20/20,Sept
White,91656,17,4382,29.8,36.6,9/20/20,Sept
Asian,29790,5.5,1720,11.7,15.4,9/20/20,Sept
Black,23014,4.3,1138,7.7,6,9/20/20,Sept
Multi-Race,5603,1,103,0.7,2.2,9/20/20,Sept
American Indian or Alaska Native,1386,0.3,45,0.3,0.5,9/20/20,Sept
Native Hawaiian and other Pacific Islander,2946,0.5,66,0.4,0.3,9/20/20,Sept
Other,55897,10.4,116,0.8,0,9/20/20,Sept
Latino,330429,61,7136,48.5,38.9,9/21/20,Sept
White,92033,17,4393,29.8,36.6,9/21/20,Sept
Asian,29861,5.5,1724,11.7,15.4,9/21/20,Sept
Black,23073,4.3,1140,7.7,6,9/21/20,Sept
Multi-Race,5613,1,103,0.7,2.2,9/21/20,Sept
American Indian or Alaska Native,1395,0.3,45,0.3,0.5,9/21/20,Sept
Native Hawaiian and other Pacific Islander,2958,0.5,66,0.4,0.3,9/21/20,Sept
Other,56130,10.4,116,0.8,0,9/21/20,Sept
Latino,332405,61,7223,48.5,38.9,9/22/20,Sept
White,92581,17,4440,29.8,36.6,9/22/20,Sept
Asian,30073,5.5,1739,11.7,15.4,9/22/20,Sept
Black,23232,4.3,1151,7.7,6,9/22/20,Sept
Multi-Race,5653,1,105,0.7,2.2,9/22/20,Sept
American Indian or Alaska Native,1409,0.3,46,0.3,0.5,9/22/20,Sept
Native Hawaiian and other Pacific Islander,2967,0.5,66,0.4,0.3,9/22/20,Sept
Other,56189,10.3,119,0.8,0,9/22/20,Sept
Latino,335051,61.1,7282,48.5,38.9,9/23/20,Sept
White,93258,17,4474,29.8,36.6,9/23/20,Sept
Asian,30246,5.5,1752,11.7,15.4,9/23/20,Sept
Black,23355,4.3,1157,7.7,6,9/23/20,Sept
Multi-Race,5713,1,102,0.7,2.2,9/23/20,Sept
American Indian or Alaska Native,1418,0.3,48,0.3,0.5,9/23/20,Sept
Native Hawaiian and other Pacific Islander,2983,0.5,68,0.5,0.3,9/23/20,Sept
Other,56134,10.2,116,0.8,0,9/23/20,Sept
Latino,337558,61.2,7334,48.6,38.9,9/24/20,Sept
White,93926,17,4495,29.8,36.6,9/24/20,Sept
Asian,30456,5.5,1765,11.7,15.4,9/24/20,Sept
Black,23493,4.3,1167,7.7,6,9/24/20,Sept
Multi-Race,5778,1,102,0.7,2.2,9/24/20,Sept
American Indian or Alaska Native,1437,0.3,49,0.3,0.5,9/24/20,Sept
Native Hawaiian and other Pacific Islander,2985,0.5,67,0.4,0.3,9/24/20,Sept
Other,56109,10.2,118,0.8,0,9/24/20,Sept
Latino,339485,61.1,7376,48.5,38.9,9/25/20,Sept
White,94772,17.1,4537,29.8,36.6,9/25/20,Sept
Asian,30654,5.5,1779,11.7,15.4,9/25/20,Sept
Black,23695,4.3,1172,7.7,6,9/25/20,Sept
Multi-Race,5830,1,101,0.7,2.2,9/25/20,Sept
American Indian or Alaska Native,1464,0.3,49,0.3,0.5,9/25/20,Sept
Native Hawaiian and other Pacific Islander,3009,0.5,68,0.4,0.3,9/25/20,Sept
Other,56414,10.2,121,0.8,0,9/25/20,Sept
Latino,341600,61.1,7389,48.4,38.9,9/26/20,Sept
White,95499,17.1,4567,29.9,36.6,9/26/20,Sept
Asian,30841,5.5,1794,11.7,15.4,9/26/20,Sept
Black,23848,4.3,1177,7.7,6,9/26/20,Sept
Multi-Race,5883,1.1,99,0.6,2.2,9/26/20,Sept
American Indian or Alaska Native,1480,0.3,49,0.3,0.5,9/26/20,Sept
Native Hawaiian and other Pacific Islander,3034,0.5,69,0.5,0.3,9/26/20,Sept
Other,56629,10.1,125,0.8,0,9/26/20,Sept
Latino,342756,61.1,7400,48.4,38.9,9/27/20,Sept
White,95894,17.1,4572,29.9,36.6,9/27/20,Sept
Asian,30963,5.5,1795,11.7,15.4,9/27/20,Sept
Black,23911,4.3,1178,7.7,6,9/27/20,Sept
Multi-Race,5941,1.1,99,0.6,2.2,9/27/20,Sept
American Indian or Alaska Native,1491,0.3,49,0.3,0.5,9/27/20,Sept
Native Hawaiian and other Pacific Islander,3042,0.5,69,0.5,0.3,9/27/20,Sept
Other,56725,10.1,125,0.8,0,9/27/20,Sept
Latino,343345,61.1,7404,48.4,38.9,9/28/20,Sept
White,96157,17.1,4577,29.9,36.6,9/28/20,Sept
Asian,31031,5.5,1800,11.8,15.4,9/28/20,Sept
Black,23943,4.3,1178,7.7,6,9/28/20,Sept
Multi-Race,5943,1.1,99,0.6,2.2,9/28/20,Sept
American Indian or Alaska Native,1495,0.3,49,0.3,0.5,9/28/20,Sept
Native Hawaiian and other Pacific Islander,3047,0.5,69,0.5,0.3,9/28/20,Sept
Other,56887,10.1,124,0.8,0,9/28/20,Sept
Latino,344920,61.1,7494,48.3,38.9,9/29/20,Sept
White,96828,17.1,4658,30,36.6,9/29/20,Sept
Asian,31218,5.5,1828,11.8,15.4,9/29/20,Sept
Black,24098,4.3,1186,7.6,6,9/29/20,Sept
Multi-Race,5966,1.1,103,0.7,2.2,9/29/20,Sept
American Indian or Alaska Native,1510,0.3,49,0.3,0.5,9/29/20,Sept
Native Hawaiian and other Pacific Islander,3060,0.5,73,0.5,0.3,9/29/20,Sept
Other,57167,10.1,125,0.8,0,9/29/20,Sept
Latino,347065,61.1,7549,48.4,38.9,9/30/20,Sept
White,97491,17.2,4681,30,36.6,9/30/20,Sept
Asian,31419,5.5,1832,11.7,15.4,9/30/20,Sept
Black,24242,4.3,1192,7.6,6,9/30/20,Sept
Multi-Race,6024,1.1,106,0.7,2.2,9/30/20,Sept
American Indian or Alaska Native,1525,0.3,49,0.3,0.5,9/30/20,Sept
Native Hawaiian and other Pacific Islander,3079,0.5,73,0.5,0.3,9/30/20,Sept
Other,57167,10.1,128,0.8,0,9/30/20,Sept
Latino,348997,61.1,7639,48.4,38.9,10/1/20,Oct
White,98284,17.2,4721,29.9,36.6,10/1/20,Oct
Asian,31626,5.5,1852,11.7,15.4,10/1/20,Oct
Black,24396,4.3,1205,7.6,6,10/1/20,Oct
Multi-Race,6138,1.1,106,0.7,2.2,10/1/20,Oct
American Indian or Alaska Native,1542,0.3,48,0.3,0.5,10/1/20,Oct
Native Hawaiian and other Pacific Islander,3092,0.5,74,0.5,0.3,10/1/20,Oct
Other,57389,10,126,0.8,0,10/1/20,Oct
Latino,350190,61.1,7660,48.5,38.9,10/2/20,Oct
White,98625,17.2,4727,30,36.6,10/2/20,Oct
Asian,31772,5.5,1855,11.8,15.4,10/2/20,Oct
Black,24475,4.3,1201,7.6,6,10/2/20,Oct
Multi-Race,6192,1.1,109,0.7,2.2,10/2/20,Oct
American Indian or Alaska Native,1557,0.3,49,0.3,0.5,10/2/20,Oct
Native Hawaiian and other Pacific Islander,3101,0.5,74,0.5,0.3,10/2/20,Oct
Other,57322,10,106,0.7,0,10/2/20,Oct
Latino,351834,61.1,7697,48.6,38.9,10/3/20,Oct
White,99208,17.2,4738,29.9,36.6,10/3/20,Oct
Asian,31990,5.6,1869,11.8,15.4,10/3/20,Oct
Black,24581,4.3,1213,7.7,6,10/3/20,Oct
Multi-Race,6241,1.1,110,0.7,2.2,10/3/20,Oct
American Indian or Alaska Native,1568,0.3,48,0.3,0.5,10/3/20,Oct
Native Hawaiian and other Pacific Islander,3120,0.5,76,0.5,0.3,10/3/20,Oct
Other,57494,10,92,0.6,0,10/3/20,Oct
Latino,353042,61.1,7708,48.6,38.9,10/4/20,Oct
White,99584,17.2,4746,29.9,36.6,10/4/20,Oct
Asian,32127,5.6,1873,11.8,15.4,10/4/20,Oct
Black,24660,4.3,1213,7.6,6,10/4/20,Oct
Multi-Race,6273,1.1,113,0.7,2.2,10/4/20,Oct
American Indian or Alaska Native,1580,0.3,48,0.3,0.5,10/4/20,Oct
Native Hawaiian and other Pacific Islander,3131,0.5,76,0.5,0.3,10/4/20,Oct
Other,57665,10,89,0.6,0,10/4/20,Oct
Latino,353765,61.1,7725,48.6,38.9,10/5/20,Oct
White,99855,17.2,4753,29.9,36.6,10/5/20,Oct
Asian,32229,5.6,1871,11.8,15.4,10/5/20,Oct
Black,24704,4.3,1214,7.6,6,10/5/20,Oct
Multi-Race,6292,1.1,113,0.7,2.2,10/5/20,Oct
American Indian or Alaska Native,1582,0.3,48,0.3,0.5,10/5/20,Oct
Native Hawaiian and other Pacific Islander,3135,0.5,76,0.5,0.3,10/5/20,Oct
Other,57708,10,91,0.6,0,10/5/20,Oct
Latino,355086,61.1,7778,48.6,38.9,10/6/20,Oct
White,100382,17.3,4786,29.9,36.6,10/6/20,Oct
Asian,32359,5.6,1881,11.8,15.4,10/6/20,Oct
Black,24802,4.3,1217,7.6,6,10/6/20,Oct
Multi-Race,6335,1.1,114,0.7,2.2,10/6/20,Oct
American Indian or Alaska Native,1588,0.3,48,0.3,0.5,10/6/20,Oct
Native Hawaiian and other Pacific Islander,3151,0.5,78,0.5,0.3,10/6/20,Oct
Other,57848,9.9,94,0.6,0,10/6/20,Oct
Latino,357277,61.1,7818,48.6,38.9,10/7/20,Oct
White,100982,17.3,4812,29.9,36.6,10/7/20,Oct
Asian,32533,5.6,1888,11.7,15.4,10/7/20,Oct
Black,24968,4.3,1226,7.6,6,10/7/20,Oct
Multi-Race,6371,1.1,114,0.7,2.2,10/7/20,Oct
American Indian or Alaska Native,1606,0.3,49,0.3,0.5,10/7/20,Oct
Native Hawaiian and other Pacific Islander,3160,0.5,79,0.5,0.3,10/7/20,Oct
Other,58200,9.9,95,0.6,0,10/7/20,Oct
Latino,359286,61.1,7847,48.6,38.9,10/8/20,Oct
White,101705,17.3,4832,29.9,36.6,10/8/20,Oct
Asian,32711,5.6,1900,11.8,15.4,10/8/20,Oct
Black,25068,4.3,1229,7.6,6,10/8/20,Oct
Multi-Race,6423,1.1,115,0.7,2.2,10/8/20,Oct
American Indian or Alaska Native,1620,0.3,51,0.3,0.5,10/8/20,Oct
Native Hawaiian and other Pacific Islander,3169,0.5,77,0.5,0.3,10/8/20,Oct
Other,58360,9.9,99,0.6,0,10/8/20,Oct
Latino,361176,61.1,7884,48.6,38.9,10/9/20,Oct
White,102338,17.3,4866,30,36.6,10/9/20,Oct
Asian,32868,5.6,1903,11.7,15.4,10/9/20,Oct
Black,25191,4.3,1233,7.6,6,10/9/20,Oct
Multi-Race,6460,1.1,116,0.7,2.2,10/9/20,Oct
American Indian or Alaska Native,1637,0.3,51,0.3,0.5,10/9/20,Oct
Native Hawaiian and other Pacific Islander,3184,0.5,77,0.5,0.3,10/9/20,Oct
Other,58545,9.9,101,0.6,0,10/9/20,Oct
Latino,363000,61.1,7911,48.5,38.9,10/10/20,Oct
White,102955,17.3,4900,30,36.6,10/10/20,Oct
Asian,33038,5.6,1907,11.7,15.4,10/10/20,Oct
Black,25312,4.3,1238,7.6,6,10/10/20,Oct
Multi-Race,6513,1.1,117,0.7,2.2,10/10/20,Oct
American Indian or Alaska Native,1649,0.3,51,0.3,0.5,10/10/20,Oct
Native Hawaiian and other Pacific Islander,3198,0.5,78,0.5,0.3,10/10/20,Oct
Other,58729,9.9,105,0.6,0,10/10/20,Oct
Latino,364483,61.1,7916,48.5,38.9,10/11/20,Oct
White,103531,17.3,4903,30.1,36.6,10/11/20,Oct
Asian,33167,5.6,1908,11.7,15.4,10/11/20,Oct
Black,25414,4.3,1237,7.6,6,10/11/20,Oct
Multi-Race,6549,1.1,118,0.7,2.2,10/11/20,Oct
American Indian or Alaska Native,1661,0.3,51,0.3,0.5,10/11/20,Oct
Native Hawaiian and other Pacific Islander,3210,0.5,78,0.5,0.3,10/11/20,Oct
Other,59006,9.9,105,0.6,0,10/11/20,Oct
Latino,365574,61.1,7921,48.5,38.9,10/12/20,Oct
White,103828,17.3,4911,30.1,36.6,10/12/20,Oct
Asian,33260,5.6,1909,11.7,15.4,10/12/20,Oct
Black,25460,4.3,1235,7.6,6,10/12/20,Oct
Multi-Race,6586,1.1,119,0.7,2.2,10/12/20,Oct
American Indian or Alaska Native,1668,0.3,51,0.3,0.5,10/12/20,Oct
Native Hawaiian and other Pacific Islander,3216,0.5,78,0.5,0.3,10/12/20,Oct
Other,59085,9.9,104,0.6,0,10/12/20,Oct
Latino,366314,61.1,7959,48.6,38.9,10/13/20,Oct
White,104140,17.4,4929,30.1,36.6,10/13/20,Oct
Asian,33342,5.6,1914,11.7,15.4,10/13/20,Oct
Black,25515,4.3,1237,7.5,6,10/13/20,Oct
Multi-Race,6604,1.1,122,0.7,2.2,10/13/20,Oct
American Indian or Alaska Native,1676,0.3,51,0.3,0.5,10/13/20,Oct
Native Hawaiian and other Pacific Islander,3220,0.5,76,0.5,0.3,10/13/20,Oct
Other,59198,9.9,101,0.6,0,10/13/20,Oct
Latino,368223,61.1,8012,48.6,38.9,10/14/20,Oct
White,104635,17.4,4950,30,36.6,10/14/20,Oct
Asian,33500,5.6,1929,11.7,15.4,10/14/20,Oct
Black,25604,4.2,1243,7.5,6,10/14/20,Oct
Multi-Race,6665,1.1,122,0.7,2.2,10/14/20,Oct
American Indian or Alaska Native,1691,0.3,52,0.3,0.5,10/14/20,Oct
Native Hawaiian and other Pacific Islander,3237,0.5,76,0.5,0.3,10/14/20,Oct
Other,59191,9.8,96,0.6,0,10/14/20,Oct
Latino,370179,61.1,8054,48.6,38.9,10/15/20,Oct
White,105283,17.4,4979,30.1,36.6,10/15/20,Oct
Asian,33657,5.6,1943,11.7,15.4,10/15/20,Oct
Black,25725,4.2,1247,7.5,6,10/15/20,Oct
Multi-Race,6722,1.1,122,0.7,2.2,10/15/20,Oct
American Indian or Alaska Native,1707,0.3,52,0.3,0.5,10/15/20,Oct
Native Hawaiian and other Pacific Islander,3251,0.5,77,0.5,0.3,10/15/20,Oct
Other,59256,9.8,89,0.5,0,10/15/20,Oct
Latino,372003,61.1,8079,48.6,38.9,10/16/20,Oct
White,105829,17.4,4998,30.1,36.6,10/16/20,Oct
Asian,33798,5.6,1958,11.8,15.4,10/16/20,Oct
Black,25832,4.2,1256,7.6,6,10/16/20,Oct
Multi-Race,6791,1.1,125,0.8,2.2,10/16/20,Oct
American Indian or Alaska Native,1712,0.3,53,0.3,0.5,10/16/20,Oct
Native Hawaiian and other Pacific Islander,3263,0.5,77,0.5,0.3,10/16/20,Oct
Other,59182,9.7,86,0.5,0,10/16/20,Oct
Latino,373742,61.2,8128,48.6,38.9,10/17/20,Oct
White,106404,17.4,5032,30.1,36.6,10/17/20,Oct
Asian,33970,5.6,1963,11.7,15.4,10/17/20,Oct
Black,25928,4.2,1258,7.5,6,10/17/20,Oct
Multi-Race,6846,1.1,128,0.8,2.2,10/17/20,Oct
American Indian or Alaska Native,1734,0.3,53,0.3,0.5,10/17/20,Oct
Native Hawaiian and other Pacific Islander,3276,0.5,79,0.5,0.3,10/17/20,Oct
Other,59251,9.7,88,0.5,0,10/17/20,Oct
Latino,375084,61.1,8139,48.6,38.9,10/18/20,Oct
White,106930,17.4,5034,30.1,36.6,10/18/20,Oct
Asian,34140,5.6,1964,11.7,15.4,10/18/20,Oct
Black,26030,4.2,1258,7.5,6,10/18/20,Oct
Multi-Race,6874,1.1,129,0.8,2.2,10/18/20,Oct
American Indian or Alaska Native,1743,0.3,53,0.3,0.5,10/18/20,Oct
Native Hawaiian and other Pacific Islander,3294,0.5,78,0.5,0.3,10/18/20,Oct
Other,59577,9.7,86,0.5,0,10/18/20,Oct
Latino,376154,61.1,8143,48.6,38.9,10/19/20,Oct
White,107398,17.4,5035,30.1,36.6,10/19/20,Oct
Asian,34246,5.6,1966,11.7,15.4,10/19/20,Oct
Black,26098,4.2,1260,7.5,6,10/19/20,Oct
Multi-Race,6894,1.1,129,0.8,2.2,10/19/20,Oct
American Indian or Alaska Native,1749,0.3,53,0.3,0.5,10/19/20,Oct
Native Hawaiian and other Pacific Islander,3307,0.5,78,0.5,0.3,10/19/20,Oct
Other,59903,9.7,87,0.5,0,10/19/20,Oct
Latino,377694,61,8185,48.6,38.9,10/20/20,Oct
White,108007,17.5,5060,30.1,36.6,10/20/20,Oct
Asian,34451,5.6,1976,11.7,15.4,10/20/20,Oct
Black,26217,4.2,1266,7.5,6,10/20/20,Oct
Multi-Race,6930,1.1,130,0.8,2.2,10/20/20,Oct
American Indian or Alaska Native,1758,0.3,53,0.3,0.5,10/20/20,Oct
Native Hawaiian and other Pacific Islander,3325,0.5,79,0.5,0.3,10/20/20,Oct
Other,60304,9.7,84,0.5,0,10/20/20,Oct
Latino,379617,61.1,8248,48.6,38.9,10/21/20,Oct
White,108632,17.5,5100,30.1,36.6,10/21/20,Oct
Asian,34633,5.6,1998,11.8,15.4,10/21/20,Oct
Black,26305,4.2,1275,7.5,6,10/21/20,Oct
Multi-Race,6992,1.1,132,0.8,2.2,10/21/20,Oct
American Indian or Alaska Native,1767,0.3,54,0.3,0.5,10/21/20,Oct
Native Hawaiian and other Pacific Islander,3334,0.5,80,0.5,0.3,10/21/20,Oct
Other,60364,9.7,82,0.5,0,10/21/20,Oct
Latino,382567,61.1,8277,48.6,38.9,10/22/20,Oct
White,109500,17.5,5123,30.1,36.6,10/22/20,Oct
Asian,34895,5.6,2005,11.8,15.4,10/22/20,Oct
Black,26489,4.2,1277,7.5,6,10/22/20,Oct
Multi-Race,7077,1.1,131,0.8,2.2,10/22/20,Oct
American Indian or Alaska Native,1779,0.3,55,0.3,0.5,10/22/20,Oct
Native Hawaiian and other Pacific Islander,3357,0.5,80,0.5,0.3,10/22/20,Oct
Other,60828,9.7,82,0.5,0,10/22/20,Oct
Latino,385597,61.1,8296,48.6,38.9,10/23/20,Oct
White,110436,17.5,5137,30.1,36.6,10/23/20,Oct
Asian,35143,5.6,2013,11.8,15.4,10/23/20,Oct
Black,26688,4.2,1277,7.5,6,10/23/20,Oct
Multi-Race,7146,1.1,131,0.8,2.2,10/23/20,Oct
American Indian or Alaska Native,1798,0.3,56,0.3,0.5,10/23/20,Oct
Native Hawaiian and other Pacific Islander,3369,0.5,80,0.5,0.3,10/23/20,Oct
Other,61309,9.7,83,0.5,0,10/23/20,Oct
Latino,387923,61.1,8324,48.6,38.9,10/24/20,Oct
White,111182,17.5,5155,30.1,36.6,10/24/20,Oct
Asian,35334,5.6,2017,11.8,15.4,10/24/20,Oct
Black,26820,4.2,1278,7.5,6,10/24/20,Oct
Multi-Race,7205,1.1,134,0.8,2.2,10/24/20,Oct
American Indian or Alaska Native,1805,0.3,56,0.3,0.5,10/24/20,Oct
Native Hawaiian and other Pacific Islander,3388,0.5,81,0.5,0.3,10/24/20,Oct
Other,61630,9.7,83,0.5,0,10/24/20,Oct
Latino,389148,61,8334,48.6,38.9,10/25/20,Oct
White,111681,17.5,5155,30.1,36.6,10/25/20,Oct
Asian,35463,5.6,2019,11.8,15.4,10/25/20,Oct
Black,26898,4.2,1278,7.5,6,10/25/20,Oct
Multi-Race,7254,1.1,134,0.8,2.2,10/25/20,Oct
American Indian or Alaska Native,1812,0.3,56,0.3,0.5,10/25/20,Oct
Native Hawaiian and other Pacific Islander,3390,0.5,81,0.5,0.3,10/25/20,Oct
Other,61789,9.7,83,0.5,0,10/25/20,Oct
Latino,389857,61,8339,48.6,38.9,10/26/20,Oct
White,112132,17.5,5162,30.1,36.6,10/26/20,Oct
Asian,35553,5.6,2020,11.8,15.4,10/26/20,Oct
Black,26973,4.2,1279,7.5,6,10/26/20,Oct
Multi-Race,7261,1.1,134,0.8,2.2,10/26/20,Oct
American Indian or Alaska Native,1816,0.3,56,0.3,0.5,10/26/20,Oct
Native Hawaiian and other Pacific Islander,3398,0.5,81,0.5,0.3,10/26/20,Oct
Other,62209,9.7,86,0.5,0,10/26/20,Oct
Latino,392284,61,8407,48.7,38.9,10/27/20,Oct
White,112941,17.6,5197,30.1,36.6,10/27/20,Oct
Asian,35763,5.6,2028,11.7,15.4,10/27/20,Oct
Black,27109,4.2,1288,7.5,6,10/27/20,Oct
Multi-Race,7309,1.1,138,0.8,2.2,10/27/20,Oct
American Indian or Alaska Native,1828,0.3,57,0.3,0.5,10/27/20,Oct
Native Hawaiian and other Pacific Islander,3417,0.5,81,0.5,0.3,10/27/20,Oct
Other,62397,9.7,83,0.5,0,10/27/20,Oct
Latino,394361,61,8429,48.6,38.9,10/28/20,Oct
White,113682,17.6,5228,30.1,36.6,10/28/20,Oct
Asian,35956,5.6,2036,11.7,15.4,10/28/20,Oct
Black,27247,4.2,1292,7.4,6,10/28/20,Oct
Multi-Race,7342,1.1,139,0.8,2.2,10/28/20,Oct
American Indian or Alaska Native,1842,0.3,57,0.3,0.5,10/28/20,Oct
Native Hawaiian and other Pacific Islander,3440,0.5,81,0.5,0.3,10/28/20,Oct
Other,62615,9.7,88,0.5,0,10/28/20,Oct
Latino,396813,61,8449,48.6,38.9,10/29/20,Oct
White,114492,17.6,5238,30.1,36.6,10/29/20,Oct
Asian,36199,5.6,2045,11.8,15.4,10/29/20,Oct
Black,27387,4.2,1296,7.5,6,10/29/20,Oct
Multi-Race,7426,1.1,139,0.8,2.2,10/29/20,Oct
American Indian or Alaska Native,1850,0.3,57,0.3,0.5,10/29/20,Oct
Native Hawaiian and other Pacific Islander,3465,0.5,81,0.5,0.3,10/29/20,Oct
Other,62737,9.6,88,0.5,0,10/29/20,Oct
Latino,399005,61,8483,48.6,38.9,10/30/20,Oct
White,115529,17.7,5250,30.1,36.6,10/30/20,Oct
Asian,36422,5.6,2049,11.7,15.4,10/30/20,Oct
Black,27564,4.2,1299,7.4,6,10/30/20,Oct
Multi-Race,7467,1.1,139,0.8,2.2,10/30/20,Oct
American Indian or Alaska Native,1869,0.3,59,0.3,0.5,10/30/20,Oct
Native Hawaiian and other Pacific Islander,3492,0.5,81,0.5,0.3,10/30/20,Oct
Other,63179,9.7,87,0.5,0,10/30/20,Oct
Latino,401503,61,8506,48.6,38.9,10/31/20,Oct
White,116385,17.7,5269,30.1,36.6,10/31/20,Oct
Asian,36626,5.6,2060,11.8,15.4,10/31/20,Oct
Black,27719,4.2,1308,7.5,6,10/31/20,Oct
Multi-Race,7562,1.1,142,0.8,2.2,10/31/20,Oct
American Indian or Alaska Native,1879,0.3,58,0.3,0.5,10/31/20,Oct
Native Hawaiian and other Pacific Islander,3514,0.5,82,0.5,0.3,10/31/20,Oct
Other,63328,9.6,74,0.4,0,10/31/20,Oct
Latino,403069,60.9,8514,48.6,38.9,11/1/20,Nov
White,117098,17.7,5274,30.1,36.6,11/1/20,Nov
Asian,36774,5.6,2062,11.8,15.4,11/1/20,Nov
Black,27836,4.2,1309,7.5,6,11/1/20,Nov
Multi-Race,7611,1.2,142,0.8,2.2,11/1/20,Nov
American Indian or Alaska Native,1881,0.3,58,0.3,0.5,11/1/20,Nov
Native Hawaiian and other Pacific Islander,3532,0.5,82,0.5,0.3,11/1/20,Nov
Other,63761,9.6,75,0.4,0,11/1/20,Nov
Latino,404392,60.9,8516,48.6,38.9,11/2/20,Nov
White,117764,17.7,5281,30.1,36.6,11/2/20,Nov
Asian,36930,5.6,2063,11.8,15.4,11/2/20,Nov
Black,27951,4.2,1309,7.5,6,11/2/20,Nov
Multi-Race,7650,1.2,142,0.8,2.2,11/2/20,Nov
American Indian or Alaska Native,1893,0.3,58,0.3,0.5,11/2/20,Nov
Native Hawaiian and other Pacific Islander,3557,0.5,82,0.5,0.3,11/2/20,Nov
Other,64271,9.7,75,0.4,0,11/2/20,Nov
Latino,407046,60.9,8547,48.5,38.9,11/3/20,Nov
White,118777,17.8,5313,30.2,36.6,11/3/20,Nov
Asian,37185,5.6,2071,11.8,15.4,11/3/20,Nov
Black,28099,4.2,1316,7.5,6,11/3/20,Nov
Multi-Race,7765,1.2,143,0.8,2.2,11/3/20,Nov
American Indian or Alaska Native,1899,0.3,58,0.3,0.5,11/3/20,Nov
Native Hawaiian and other Pacific Islander,3582,0.5,84,0.5,0.3,11/3/20,Nov
Other,64357,9.6,77,0.4,0,11/3/20,Nov
Latino,408768,60.9,8573,48.5,38.9,11/4/20,Nov
White,119441,17.8,5330,30.2,36.6,11/4/20,Nov
Asian,37359,5.6,2081,11.8,15.4,11/4/20,Nov
Black,28193,4.2,1318,7.5,6,11/4/20,Nov
Multi-Race,7789,1.2,144,0.8,2.2,11/4/20,Nov
American Indian or Alaska Native,1911,0.3,58,0.3,0.5,11/4/20,Nov
Native Hawaiian and other Pacific Islander,3597,0.5,84,0.5,0.3,11/4/20,Nov
Other,64695,9.6,79,0.4,0,11/4/20,Nov
Latino,411702,60.8,8610,48.5,38.9,11/5/20,Nov
White,120812,17.8,5347,30.1,36.6,11/5/20,Nov
Asian,37716,5.6,2089,11.8,15.4,11/5/20,Nov
Black,28446,4.2,1320,7.4,6,11/5/20,Nov
Multi-Race,7890,1.2,145,0.8,2.2,11/5/20,Nov
American Indian or Alaska Native,1948,0.3,58,0.3,0.5,11/5/20,Nov
Native Hawaiian and other Pacific Islander,3631,0.5,84,0.5,0.3,11/5/20,Nov
Other,65320,9.6,82,0.5,0,11/5/20,Nov
Latino,414646,60.7,8629,48.5,38.9,11/6/20,Nov
White,122004,17.9,5366,30.2,36.6,11/6/20,Nov
Asian,37980,5.6,2092,11.8,15.4,11/6/20,Nov
Black,28651,4.2,1321,7.4,6,11/6/20,Nov
Multi-Race,7984,1.2,146,0.8,2.2,11/6/20,Nov
American Indian or Alaska Native,1969,0.3,59,0.3,0.5,11/6/20,Nov
Native Hawaiian and other Pacific Islander,3662,0.5,84,0.5,0.3,11/6/20,Nov
Other,65757,9.6,80,0.5,0,11/6/20,Nov
Latino,418220,60.7,8662,48.5,38.9,11/7/20,Nov
White,123476,17.9,5395,30.2,36.6,11/7/20,Nov
Asian,38384,5.6,2095,11.7,15.4,11/7/20,Nov
Black,28920,4.2,1325,7.4,6,11/7/20,Nov
Multi-Race,8172,1.2,148,0.8,2.2,11/7/20,Nov
American Indian or Alaska Native,1977,0.3,59,0.3,0.5,11/7/20,Nov
Native Hawaiian and other Pacific Islander,3698,0.5,86,0.5,0.3,11/7/20,Nov
Other,66179,9.6,82,0.5,0,11/7/20,Nov
Latino,420293,60.6,8664,48.5,38.9,11/8/20,Nov
White,124583,18,5395,30.2,36.6,11/8/20,Nov
Asian,38622,5.6,2096,11.7,15.4,11/8/20,Nov
Black,29117,4.2,1326,7.4,6,11/8/20,Nov
Multi-Race,8198,1.2,148,0.8,2.2,11/8/20,Nov
American Indian or Alaska Native,1989,0.3,59,0.3,0.5,11/8/20,Nov
Native Hawaiian and other Pacific Islander,3728,0.5,86,0.5,0.3,11/8/20,Nov
Other,66965,9.7,82,0.5,0,11/8/20,Nov
Latino,422108,60.6,8667,48.5,38.9,11/9/20,Nov
White,125417,18,5396,30.2,36.6,11/9/20,Nov
Asian,38819,5.6,2096,11.7,15.4,11/9/20,Nov
Black,29264,4.2,1327,7.4,6,11/9/20,Nov
Multi-Race,8251,1.2,148,0.8,2.2,11/9/20,Nov
American Indian or Alaska Native,1992,0.3,59,0.3,0.5,11/9/20,Nov
Native Hawaiian and other Pacific Islander,3743,0.5,86,0.5,0.3,11/9/20,Nov
Other,67505,9.7,82,0.5,0,11/9/20,Nov
Latino,424660,60.5,8706,48.5,38.9,11/10/20,Nov
White,126715,18,5422,30.2,36.6,11/10/20,Nov
Asian,39196,5.6,2100,11.7,15.4,11/10/20,Nov
Black,29482,4.2,1331,7.4,6,11/10/20,Nov
Multi-Race,8345,1.2,149,0.8,2.2,11/10/20,Nov
American Indian or Alaska Native,2021,0.3,59,0.3,0.5,11/10/20,Nov
Native Hawaiian and other Pacific Islander,3765,0.5,87,0.5,0.3,11/10/20,Nov
Other,67963,9.7,82,0.5,0,11/10/20,Nov
Latino,428032,60.4,8731,48.6,38.9,11/11/20,Nov
White,128285,18.1,5432,30.2,36.6,11/11/20,Nov
Asian,39568,5.6,2107,11.7,15.4,11/11/20,Nov
Black,29757,4.2,1332,7.4,6,11/11/20,Nov
Multi-Race,8473,1.2,151,0.8,2.2,11/11/20,Nov
American Indian or Alaska Native,2057,0.3,59,0.3,0.5,11/11/20,Nov
Native Hawaiian and other Pacific Islander,3814,0.5,87,0.5,0.3,11/11/20,Nov
Other,68785,9.7,81,0.5,0,11/11/20,Nov
Latino,431342,60.3,8747,48.6,38.9,11/12/20,Nov
White,129660,18.1,5438,30.2,36.6,11/12/20,Nov
Asian,39926,5.6,2109,11.7,15.4,11/12/20,Nov
Black,29986,4.2,1331,7.4,6,11/12/20,Nov
Multi-Race,8589,1.2,153,0.8,2.2,11/12/20,Nov
American Indian or Alaska Native,2077,0.3,59,0.3,0.5,11/12/20,Nov
Native Hawaiian and other Pacific Islander,3827,0.5,87,0.5,0.3,11/12/20,Nov
Other,69433,9.7,82,0.5,0,11/12/20,Nov
Latino,434590,60.2,8779,48.6,38.9,11/13/20,Nov
White,131364,18.2,5467,30.2,36.6,11/13/20,Nov
Asian,40403,5.6,2114,11.7,15.4,11/13/20,Nov
Black,30234,4.2,1336,7.4,6,11/13/20,Nov
Multi-Race,8665,1.2,153,0.8,2.2,11/13/20,Nov
American Indian or Alaska Native,2095,0.3,59,0.3,0.5,11/13/20,Nov
Native Hawaiian and other Pacific Islander,3878,0.5,87,0.5,0.3,11/13/20,Nov
Other,70166,9.7,82,0.5,0,11/13/20,Nov
Latino,439199,60.2,8807,48.5,38.9,11/14/20,Nov
White,133343,18.3,5490,30.3,36.6,11/14/20,Nov
Asian,40873,5.6,2119,11.7,15.4,11/14/20,Nov
Black,30571,4.2,1341,7.4,6,11/14/20,Nov
Multi-Race,8786,1.2,153,0.8,2.2,11/14/20,Nov
American Indian or Alaska Native,2126,0.3,61,0.3,0.5,11/14/20,Nov
Native Hawaiian and other Pacific Islander,3923,0.5,86,0.5,0.3,11/14/20,Nov
Other,71047,9.7,85,0.5,0,11/14/20,Nov
Latino,442903,60.1,8814,48.5,38.9,11/15/20,Nov
White,135103,18.3,5496,30.3,36.6,11/15/20,Nov
Asian,41332,5.6,2121,11.7,15.4,11/15/20,Nov
Black,30873,4.2,1343,7.4,6,11/15/20,Nov
Multi-Race,8907,1.2,153,0.8,2.2,11/15/20,Nov
American Indian or Alaska Native,2152,0.3,61,0.3,0.5,11/15/20,Nov
Native Hawaiian and other Pacific Islander,3969,0.5,86,0.5,0.3,11/15/20,Nov
Other,72045,9.8,85,0.5,0,11/15/20,Nov
Latino,446310,60,8823,48.5,38.9,11/16/20,Nov
White,136493,18.4,5504,30.3,36.6,11/16/20,Nov
Asian,41735,5.6,2125,11.7,15.4,11/16/20,Nov
Black,31109,4.2,1344,7.4,6,11/16/20,Nov
Multi-Race,9004,1.2,153,0.8,2.2,11/16/20,Nov
American Indian or Alaska Native,2170,0.3,61,0.3,0.5,11/16/20,Nov
Native Hawaiian and other Pacific Islander,3990,0.5,86,0.5,0.3,11/16/20,Nov
Other,72968,9.8,83,0.5,0,11/16/20,Nov
Latino,449863,59.9,8856,48.5,38.9,11/17/20,Nov
White,138308,18.4,5516,30.2,36.6,11/17/20,Nov
Asian,42236,5.6,2136,11.7,15.4,11/17/20,Nov
Black,31431,4.2,1346,7.4,6,11/17/20,Nov
Multi-Race,9089,1.2,154,0.8,2.2,11/17/20,Nov
American Indian or Alaska Native,2198,0.3,62,0.3,0.5,11/17/20,Nov
Native Hawaiian and other Pacific Islander,4024,0.5,88,0.5,0.3,11/17/20,Nov
Other,73833,9.8,86,0.5,0,11/17/20,Nov
Latino,455005,59.9,8900,48.5,38.9,11/18/20,Nov
White,140379,18.5,5552,30.3,36.6,11/18/20,Nov
Asian,42840,5.6,2146,11.7,15.4,11/18/20,Nov
Black,31789,4.2,1352,7.4,6,11/18/20,Nov
Multi-Race,9290,1.2,156,0.9,2.2,11/18/20,Nov
American Indian or Alaska Native,2227,0.3,63,0.3,0.5,11/18/20,Nov
Native Hawaiian and other Pacific Islander,4069,0.5,88,0.5,0.3,11/18/20,Nov
Other,74457,9.8,88,0.5,0,11/18/20,Nov