year,Month,State,Age,Count,Annotation_Code,Annotation_Desc
2017,1,CA,1 - 4 years,22,,
2017,1,CA,10 - 14 years,24,,
2017,1,CA,15 - 19 years,74,,
2017,1,CA,20 - 24 years,189,,
2017,1,CA,25 - 29 years,211,,
2017,1,CA,30 - 34 years,228,,
2017,1,CA,35 - 39 years,255,,
2017,1,CA,40 - 44 years,374,,
2017,1,CA,45 - 49 years,524,,
2017,1,CA,5 - 9 years,18,,
2017,1,CA,50 - 54 years,885,,
2017,1,CA,55 - 59 years,1387,,
2017,1,CA,60 - 64 years,1850,,
2017,1,CA,65 - 69 years,2147,,
2017,1,CA,70 - 74 years,2418,,
2017,1,CA,75 - 79 years,2729,,
2017,1,CA,80 - 84 years,3333,,
2017,1,CA,85 - 89 years,4001,,
2017,1,CA,90 years and over,5734,,
2017,1,CA,Less than 1 year,179,,
2017,1,CA,Unknown,,1,Cell suppressed for small numbers
2017,2,CA,1 - 4 years,28,,
2017,2,CA,10 - 14 years,33,,
2017,2,CA,15 - 19 years,75,,
2017,2,CA,20 - 24 years,150,,
2017,2,CA,25 - 29 years,189,,
2017,2,CA,30 - 34 years,188,,
2017,2,CA,35 - 39 years,255,,
2017,2,CA,40 - 44 years,299,,
2017,2,CA,45 - 49 years,488,,
2017,2,CA,5 - 9 years,22,,
2017,2,CA,50 - 54 years,737,,
2017,2,CA,55 - 59 years,1237,,
2017,2,CA,60 - 64 years,1538,,
2017,2,CA,65 - 69 years,1853,,
2017,2,CA,70 - 74 years,2096,,
2017,2,CA,75 - 79 years,2319,,
2017,2,CA,80 - 84 years,2814,,
2017,2,CA,85 - 89 years,3332,,
2017,2,CA,90 years and over,4663,,
2017,2,CA,Less than 1 year,152,,
2017,2,CA,Unknown,,1,Cell suppressed for small numbers
2017,3,CA,1 - 4 years,30,,
2017,3,CA,10 - 14 years,29,,
2017,3,CA,15 - 19 years,72,,
2017,3,CA,20 - 24 years,200,,
2017,3,CA,25 - 29 years,183,,
2017,3,CA,30 - 34 years,232,,
2017,3,CA,35 - 39 years,273,,
2017,3,CA,40 - 44 years,300,,
2017,3,CA,45 - 49 years,525,,
2017,3,CA,5 - 9 years,24,,
2017,3,CA,50 - 54 years,810,,
2017,3,CA,55 - 59 years,1279,,
2017,3,CA,60 - 64 years,1629,,
2017,3,CA,65 - 69 years,2045,,
2017,3,CA,70 - 74 years,2212,,
2017,3,CA,75 - 79 years,2456,,
2017,3,CA,80 - 84 years,2917,,
2017,3,CA,85 - 89 years,3246,,
2017,3,CA,90 years and over,4942,,
2017,3,CA,Less than 1 year,179,,
2017,3,CA,Unknown,13,,
2017,4,CA,1 - 4 years,38,,
2017,4,CA,10 - 14 years,29,,
2017,4,CA,15 - 19 years,69,,
2017,4,CA,20 - 24 years,169,,
2017,4,CA,25 - 29 years,206,,
2017,4,CA,30 - 34 years,203,,
2017,4,CA,35 - 39 years,250,,
2017,4,CA,40 - 44 years,356,,
2017,4,CA,45 - 49 years,528,,
2017,4,CA,5 - 9 years,15,,
2017,4,CA,50 - 54 years,791,,
2017,4,CA,55 - 59 years,1232,,
2017,4,CA,60 - 64 years,1600,,
2017,4,CA,65 - 69 years,1900,,
2017,4,CA,70 - 74 years,2033,,
2017,4,CA,75 - 79 years,2276,,
2017,4,CA,80 - 84 years,2748,,
2017,4,CA,85 - 89 years,3168,,
2017,4,CA,90 years and over,4354,,
2017,4,CA,Less than 1 year,181,,
2017,4,CA,Unknown,,1,Cell suppressed for small numbers
2017,5,CA,1 - 4 years,39,,
2017,5,CA,10 - 14 years,25,,
2017,5,CA,15 - 19 years,98,,
2017,5,CA,20 - 24 years,198,,
2017,5,CA,25 - 29 years,223,,
2017,5,CA,30 - 34 years,227,,
2017,5,CA,35 - 39 years,284,,
2017,5,CA,40 - 44 years,300,,
2017,5,CA,45 - 49 years,473,,
2017,5,CA,5 - 9 years,18,,
2017,5,CA,50 - 54 years,811,,
2017,5,CA,55 - 59 years,1285,,
2017,5,CA,60 - 64 years,1521,,
2017,5,CA,65 - 69 years,1963,,
2017,5,CA,70 - 74 years,2118,,
2017,5,CA,75 - 79 years,2295,,
2017,5,CA,80 - 84 years,2636,,
2017,5,CA,85 - 89 years,3076,,
2017,5,CA,90 years and over,4281,,
2017,5,CA,Less than 1 year,157,,
2017,5,CA,Unknown,,1,Cell suppressed for small numbers
2017,6,CA,1 - 4 years,31,,
2017,6,CA,10 - 14 years,26,,
2017,6,CA,15 - 19 years,103,,
2017,6,CA,20 - 24 years,187,,
2017,6,CA,25 - 29 years,220,,
2017,6,CA,30 - 34 years,240,,
2017,6,CA,35 - 39 years,271,,
2017,6,CA,40 - 44 years,313,,
2017,6,CA,45 - 49 years,531,,
2017,6,CA,5 - 9 years,17,,
2017,6,CA,50 - 54 years,772,,
2017,6,CA,55 - 59 years,1202,,
2017,6,CA,60 - 64 years,1545,,
2017,6,CA,65 - 69 years,1779,,
2017,6,CA,70 - 74 years,2032,,
2017,6,CA,75 - 79 years,2168,,
2017,6,CA,80 - 84 years,2524,,
2017,6,CA,85 - 89 years,3034,,
2017,6,CA,90 years and over,4016,,
2017,6,CA,Less than 1 year,174,,
2017,6,CA,Unknown,,1,Cell suppressed for small numbers
2017,7,CA,1 - 4 years,28,,
2017,7,CA,10 - 14 years,19,,
2017,7,CA,15 - 19 years,69,,
2017,7,CA,20 - 24 years,203,,
2017,7,CA,25 - 29 years,236,,
2017,7,CA,30 - 34 years,245,,
2017,7,CA,35 - 39 years,299,,
2017,7,CA,40 - 44 years,315,,
2017,7,CA,45 - 49 years,530,,
2017,7,CA,5 - 9 years,28,,
2017,7,CA,50 - 54 years,786,,
2017,7,CA,55 - 59 years,1326,,
2017,7,CA,60 - 64 years,1616,,
2017,7,CA,65 - 69 years,1879,,
2017,7,CA,70 - 74 years,1989,,
2017,7,CA,75 - 79 years,2134,,
2017,7,CA,80 - 84 years,2446,,
2017,7,CA,85 - 89 years,2813,,
2017,7,CA,90 years and over,3989,,
2017,7,CA,Less than 1 year,166,,
2017,7,CA,Unknown,,1,Cell suppressed for small numbers
2017,8,CA,1 - 4 years,28,,
2017,8,CA,10 - 14 years,21,,
2017,8,CA,15 - 19 years,92,,
2017,8,CA,20 - 24 years,186,,
2017,8,CA,25 - 29 years,180,,
2017,8,CA,30 - 34 years,215,,
2017,8,CA,35 - 39 years,289,,
2017,8,CA,40 - 44 years,304,,
2017,8,CA,45 - 49 years,546,,
2017,8,CA,5 - 9 years,18,,
2017,8,CA,50 - 54 years,818,,
2017,8,CA,55 - 59 years,1189,,
2017,8,CA,60 - 64 years,1501,,
2017,8,CA,65 - 69 years,1819,,
2017,8,CA,70 - 74 years,1939,,
2017,8,CA,75 - 79 years,2144,,
2017,8,CA,80 - 84 years,2546,,
2017,8,CA,85 - 89 years,2807,,
2017,8,CA,90 years and over,3885,,
2017,8,CA,Less than 1 year,176,,
2017,8,CA,Unknown,,1,Cell suppressed for small numbers
2017,9,CA,1 - 4 years,28,,
2017,9,CA,10 - 14 years,25,,
2017,9,CA,15 - 19 years,83,,
2017,9,CA,20 - 24 years,151,,
2017,9,CA,25 - 29 years,237,,
2017,9,CA,30 - 34 years,245,,
2017,9,CA,35 - 39 years,256,,
2017,9,CA,40 - 44 years,337,,
2017,9,CA,45 - 49 years,531,,
2017,9,CA,5 - 9 years,13,,
2017,9,CA,50 - 54 years,801,,
2017,9,CA,55 - 59 years,1182,,
2017,9,CA,60 - 64 years,1570,,
2017,9,CA,65 - 69 years,1828,,
2017,9,CA,70 - 74 years,1983,,
2017,9,CA,75 - 79 years,2092,,
2017,9,CA,80 - 84 years,2548,,
2017,9,CA,85 - 89 years,2917,,
2017,9,CA,90 years and over,4061,,
2017,9,CA,Less than 1 year,171,,
2017,9,CA,Unknown,,1,Cell suppressed for small numbers
2017,10,CA,1 - 4 years,19,,
2017,10,CA,10 - 14 years,23,,
2017,10,CA,15 - 19 years,79,,
2017,10,CA,20 - 24 years,170,,
2017,10,CA,25 - 29 years,229,,
2017,10,CA,30 - 34 years,243,,
2017,10,CA,35 - 39 years,292,,
2017,10,CA,40 - 44 years,333,,
2017,10,CA,45 - 49 years,532,,
2017,10,CA,5 - 9 years,15,,
2017,10,CA,50 - 54 years,798,,
2017,10,CA,55 - 59 years,1198,,
2017,10,CA,60 - 64 years,1579,,
2017,10,CA,65 - 69 years,1852,,
2017,10,CA,70 - 74 years,2029,,
2017,10,CA,75 - 79 years,2308,,
2017,10,CA,80 - 84 years,2696,,
2017,10,CA,85 - 89 years,3116,,
2017,10,CA,90 years and over,4124,,
2017,10,CA,Less than 1 year,156,,
2017,10,CA,Unknown,,1,Cell suppressed for small numbers
2017,11,CA,1 - 4 years,26,,
2017,11,CA,10 - 14 years,34,,
2017,11,CA,15 - 19 years,92,,
2017,11,CA,20 - 24 years,171,,
2017,11,CA,25 - 29 years,225,,
2017,11,CA,30 - 34 years,202,,
2017,11,CA,35 - 39 years,266,,
2017,11,CA,40 - 44 years,316,,
2017,11,CA,45 - 49 years,482,,
2017,11,CA,5 - 9 years,21,,
2017,11,CA,50 - 54 years,782,,
2017,11,CA,55 - 59 years,1195,,
2017,11,CA,60 - 64 years,1583,,
2017,11,CA,65 - 69 years,1839,,
2017,11,CA,70 - 74 years,2069,,
2017,11,CA,75 - 79 years,2178,,
2017,11,CA,80 - 84 years,2525,,
2017,11,CA,85 - 89 years,2865,,
2017,11,CA,90 years and over,4139,,
2017,11,CA,Less than 1 year,152,,
2017,11,CA,Unknown,,1,Cell suppressed for small numbers
2017,12,CA,1 - 4 years,24,,
2017,12,CA,10 - 14 years,26,,
2017,12,CA,15 - 19 years,84,,
2017,12,CA,20 - 24 years,159,,
2017,12,CA,25 - 29 years,234,,
2017,12,CA,30 - 34 years,250,,
2017,12,CA,35 - 39 years,285,,
2017,12,CA,40 - 44 years,363,,
2017,12,CA,45 - 49 years,575,,
2017,12,CA,5 - 9 years,25,,
2017,12,CA,50 - 54 years,910,,
2017,12,CA,55 - 59 years,1333,,
2017,12,CA,60 - 64 years,1821,,
2017,12,CA,65 - 69 years,2150,,
2017,12,CA,70 - 74 years,2340,,
2017,12,CA,75 - 79 years,2705,,
2017,12,CA,80 - 84 years,3145,,
2017,12,CA,85 - 89 years,3616,,
2017,12,CA,90 years and over,5318,,
2017,12,CA,Less than 1 year,160,,
2017,12,CA,Unknown,,1,Cell suppressed for small numbers
2018,1,CA,1 - 4 years,31,,
2018,1,CA,10 - 14 years,34,,
2018,1,CA,15 - 19 years,93,,
2018,1,CA,20 - 24 years,188,,
2018,1,CA,25 - 29 years,242,,
2018,1,CA,30 - 34 years,250,,
2018,1,CA,35 - 39 years,316,,
2018,1,CA,40 - 44 years,354,,
2018,1,CA,45 - 49 years,583,,
2018,1,CA,5 - 9 years,25,,
2018,1,CA,50 - 54 years,930,,
2018,1,CA,55 - 59 years,1432,,
2018,1,CA,60 - 64 years,1930,,
2018,1,CA,65 - 69 years,2302,,
2018,1,CA,70 - 74 years,2649,,
2018,1,CA,75 - 79 years,2945,,
2018,1,CA,80 - 84 years,3585,,
2018,1,CA,85 - 89 years,4191,,
2018,1,CA,90 years and over,6289,,
2018,1,CA,Less than 1 year,169,,
2018,1,CA,Unknown,,1,Cell suppressed for small numbers
2018,2,CA,1 - 4 years,29,,
2018,2,CA,10 - 14 years,16,,
2018,2,CA,15 - 19 years,76,,
2018,2,CA,20 - 24 years,156,,
2018,2,CA,25 - 29 years,197,,
2018,2,CA,30 - 34 years,225,,
2018,2,CA,35 - 39 years,272,,
2018,2,CA,40 - 44 years,296,,
2018,2,CA,45 - 49 years,512,,
2018,2,CA,5 - 9 years,21,,
2018,2,CA,50 - 54 years,774,,
2018,2,CA,55 - 59 years,1227,,
2018,2,CA,60 - 64 years,1618,,
2018,2,CA,65 - 69 years,1952,,
2018,2,CA,70 - 74 years,2153,,
2018,2,CA,75 - 79 years,2392,,
2018,2,CA,80 - 84 years,2768,,
2018,2,CA,85 - 89 years,3259,,
2018,2,CA,90 years and over,4555,,
2018,2,CA,Less than 1 year,147,,
2018,2,CA,Unknown,,1,Cell suppressed for small numbers
2018,3,CA,1 - 4 years,34,,
2018,3,CA,10 - 14 years,29,,
2018,3,CA,15 - 19 years,87,,
2018,3,CA,20 - 24 years,172,,
2018,3,CA,25 - 29 years,209,,
2018,3,CA,30 - 34 years,214,,
2018,3,CA,35 - 39 years,325,,
2018,3,CA,40 - 44 years,363,,
2018,3,CA,45 - 49 years,554,,
2018,3,CA,5 - 9 years,28,,
2018,3,CA,50 - 54 years,834,,
2018,3,CA,55 - 59 years,1332,,
2018,3,CA,60 - 64 years,1736,,
2018,3,CA,65 - 69 years,2065,,
2018,3,CA,70 - 74 years,2365,,
2018,3,CA,75 - 79 years,2675,,
2018,3,CA,80 - 84 years,3158,,
2018,3,CA,85 - 89 years,3499,,
2018,3,CA,90 years and over,5123,,
2018,3,CA,Less than 1 year,175,,
2018,3,CA,Unknown,,1,Cell suppressed for small numbers
2018,4,CA,1 - 4 years,25,,
2018,4,CA,10 - 14 years,22,,
2018,4,CA,15 - 19 years,76,,
2018,4,CA,20 - 24 years,185,,
2018,4,CA,25 - 29 years,203,,
2018,4,CA,30 - 34 years,213,,
2018,4,CA,35 - 39 years,243,,
2018,4,CA,40 - 44 years,304,,
2018,4,CA,45 - 49 years,513,,
2018,4,CA,5 - 9 years,20,,
2018,4,CA,50 - 54 years,755,,
2018,4,CA,55 - 59 years,1245,,
2018,4,CA,60 - 64 years,1582,,
2018,4,CA,65 - 69 years,1861,,
2018,4,CA,70 - 74 years,2129,,
2018,4,CA,75 - 79 years,2303,,
2018,4,CA,80 - 84 years,2670,,
2018,4,CA,85 - 89 years,3108,,
2018,4,CA,90 years and over,4276,,
2018,4,CA,Less than 1 year,159,,
2018,4,CA,Unknown,,1,Cell suppressed for small numbers
2018,5,CA,1 - 4 years,29,,
2018,5,CA,10 - 14 years,15,,
2018,5,CA,15 - 19 years,79,,
2018,5,CA,20 - 24 years,155,,
2018,5,CA,25 - 29 years,216,,
2018,5,CA,30 - 34 years,227,,
2018,5,CA,35 - 39 years,264,,
2018,5,CA,40 - 44 years,322,,
2018,5,CA,45 - 49 years,505,,
2018,5,CA,5 - 9 years,23,,
2018,5,CA,50 - 54 years,807,,
2018,5,CA,55 - 59 years,1197,,
2018,5,CA,60 - 64 years,1598,,
2018,5,CA,65 - 69 years,1829,,
2018,5,CA,70 - 74 years,2093,,
2018,5,CA,75 - 79 years,2344,,
2018,5,CA,80 - 84 years,2596,,
2018,5,CA,85 - 89 years,2932,,
2018,5,CA,90 years and over,4145,,
2018,5,CA,Less than 1 year,187,,
2018,5,CA,Unknown,,1,Cell suppressed for small numbers
2018,6,CA,1 - 4 years,38,,
2018,6,CA,10 - 14 years,21,,
2018,6,CA,15 - 19 years,85,,
2018,6,CA,20 - 24 years,173,,
2018,6,CA,25 - 29 years,212,,
2018,6,CA,30 - 34 years,221,,
2018,6,CA,35 - 39 years,352,,
2018,6,CA,40 - 44 years,330,,
2018,6,CA,45 - 49 years,509,,
2018,6,CA,5 - 9 years,19,,
2018,6,CA,50 - 54 years,766,,
2018,6,CA,55 - 59 years,1192,,
2018,6,CA,60 - 64 years,1508,,
2018,6,CA,65 - 69 years,1798,,
2018,6,CA,70 - 74 years,1978,,
2018,6,CA,75 - 79 years,2165,,
2018,6,CA,80 - 84 years,2573,,
2018,6,CA,85 - 89 years,2883,,
2018,6,CA,90 years and over,3910,,
2018,6,CA,Less than 1 year,167,,
2018,6,CA,Unknown,,1,Cell suppressed for small numbers
2018,7,CA,1 - 4 years,32,,
2018,7,CA,10 - 14 years,21,,
2018,7,CA,15 - 19 years,83,,
2018,7,CA,20 - 24 years,158,,
2018,7,CA,25 - 29 years,238,,
2018,7,CA,30 - 34 years,259,,
2018,7,CA,35 - 39 years,288,,
2018,7,CA,40 - 44 years,328,,
2018,7,CA,45 - 49 years,520,,
2018,7,CA,5 - 9 years,18,,
2018,7,CA,50 - 54 years,804,,
2018,7,CA,55 - 59 years,1214,,
2018,7,CA,60 - 64 years,1690,,
2018,7,CA,65 - 69 years,1806,,
2018,7,CA,70 - 74 years,2088,,
2018,7,CA,75 - 79 years,2182,,
2018,7,CA,80 - 84 years,2621,,
2018,7,CA,85 - 89 years,2839,,
2018,7,CA,90 years and over,3909,,
2018,7,CA,Less than 1 year,163,,
2018,7,CA,Unknown,,1,Cell suppressed for small numbers
2018,8,CA,1 - 4 years,27,,
2018,8,CA,10 - 14 years,25,,
2018,8,CA,15 - 19 years,80,,
2018,8,CA,20 - 24 years,155,,
2018,8,CA,25 - 29 years,207,,
2018,8,CA,30 - 34 years,266,,
2018,8,CA,35 - 39 years,316,,
2018,8,CA,40 - 44 years,389,,
2018,8,CA,45 - 49 years,516,,
2018,8,CA,5 - 9 years,,1,Cell suppressed for small numbers
2018,8,CA,50 - 54 years,767,,
2018,8,CA,55 - 59 years,1220,,
2018,8,CA,60 - 64 years,1637,,
2018,8,CA,65 - 69 years,1885,,
2018,8,CA,70 - 74 years,2065,,
2018,8,CA,75 - 79 years,2212,,
2018,8,CA,80 - 84 years,2516,,
2018,8,CA,85 - 89 years,2809,,
2018,8,CA,90 years and over,3896,,
2018,8,CA,Less than 1 year,138,,
2018,8,CA,Unknown,,1,Cell suppressed for small numbers
2018,9,CA,1 - 4 years,27,,
2018,9,CA,10 - 14 years,25,,
2018,9,CA,15 - 19 years,78,,
2018,9,CA,20 - 24 years,166,,
2018,9,CA,25 - 29 years,211,,
2018,9,CA,30 - 34 years,260,,
2018,9,CA,35 - 39 years,282,,
2018,9,CA,40 - 44 years,297,,
2018,9,CA,45 - 49 years,516,,
2018,9,CA,5 - 9 years,12,,
2018,9,CA,50 - 54 years,712,,
2018,9,CA,55 - 59 years,1152,,
2018,9,CA,60 - 64 years,1541,,
2018,9,CA,65 - 69 years,1786,,
2018,9,CA,70 - 74 years,2025,,
2018,9,CA,75 - 79 years,2102,,
2018,9,CA,80 - 84 years,2462,,
2018,9,CA,85 - 89 years,2733,,
2018,9,CA,90 years and over,3763,,
2018,9,CA,Less than 1 year,154,,
2018,9,CA,Unknown,,1,Cell suppressed for small numbers
2018,10,CA,1 - 4 years,17,,
2018,10,CA,10 - 14 years,19,,
2018,10,CA,15 - 19 years,82,,
2018,10,CA,20 - 24 years,171,,
2018,10,CA,25 - 29 years,196,,
2018,10,CA,30 - 34 years,258,,
2018,10,CA,35 - 39 years,309,,
2018,10,CA,40 - 44 years,321,,
2018,10,CA,45 - 49 years,483,,
2018,10,CA,5 - 9 years,,1,Cell suppressed for small numbers
2018,10,CA,50 - 54 years,728,,
2018,10,CA,55 - 59 years,1180,,
2018,10,CA,60 - 64 years,1515,,
2018,10,CA,65 - 69 years,1751,,
2018,10,CA,70 - 74 years,2132,,
2018,10,CA,75 - 79 years,2315,,
2018,10,CA,80 - 84 years,2626,,
2018,10,CA,85 - 89 years,2938,,
2018,10,CA,90 years and over,4087,,
2018,10,CA,Less than 1 year,164,,
2018,10,CA,Unknown,,1,Cell suppressed for small numbers
2018,11,CA,1 - 4 years,30,,
2018,11,CA,10 - 14 years,21,,
2018,11,CA,15 - 19 years,77,,
2018,11,CA,20 - 24 years,151,,
2018,11,CA,25 - 29 years,213,,
2018,11,CA,30 - 34 years,230,,
2018,11,CA,35 - 39 years,292,,
2018,11,CA,40 - 44 years,326,,
2018,11,CA,45 - 49 years,465,,
2018,11,CA,5 - 9 years,13,,
2018,11,CA,50 - 54 years,804,,
2018,11,CA,55 - 59 years,1193,,
2018,11,CA,60 - 64 years,1575,,
2018,11,CA,65 - 69 years,1878,,
2018,11,CA,70 - 74 years,2154,,
2018,11,CA,75 - 79 years,2350,,
2018,11,CA,80 - 84 years,2712,,
2018,11,CA,85 - 89 years,2983,,
2018,11,CA,90 years and over,4252,,
2018,11,CA,Less than 1 year,162,,
2018,11,CA,Unknown,,1,Cell suppressed for small numbers
2018,12,CA,1 - 4 years,26,,
2018,12,CA,10 - 14 years,18,,
2018,12,CA,15 - 19 years,84,,
2018,12,CA,20 - 24 years,152,,
2018,12,CA,25 - 29 years,210,,
2018,12,CA,30 - 34 years,255,,
2018,12,CA,35 - 39 years,315,,
2018,12,CA,40 - 44 years,327,,
2018,12,CA,45 - 49 years,516,,
2018,12,CA,5 - 9 years,23,,
2018,12,CA,50 - 54 years,771,,
2018,12,CA,55 - 59 years,1299,,
2018,12,CA,60 - 64 years,1694,,
2018,12,CA,65 - 69 years,2052,,
2018,12,CA,70 - 74 years,2304,,
2018,12,CA,75 - 79 years,2630,,
2018,12,CA,80 - 84 years,2959,,
2018,12,CA,85 - 89 years,3235,,
2018,12,CA,90 years and over,4648,,
2018,12,CA,Less than 1 year,145,,
2018,12,CA,Unknown,,1,Cell suppressed for small numbers
2019,1,CA,1 - 4 years,24,,
2019,1,CA,10 - 14 years,18,,
2019,1,CA,15 - 19 years,73,,
2019,1,CA,20 - 24 years,171,,
2019,1,CA,25 - 29 years,220,,
2019,1,CA,30 - 34 years,267,,
2019,1,CA,35 - 39 years,320,,
2019,1,CA,40 - 44 years,333,,
2019,1,CA,45 - 49 years,554,,
2019,1,CA,5 - 9 years,14,,
2019,1,CA,50 - 54 years,835,,
2019,1,CA,55 - 59 years,1366,,
2019,1,CA,60 - 64 years,1802,,
2019,1,CA,65 - 69 years,2072,,
2019,1,CA,70 - 74 years,2364,,
2019,1,CA,75 - 79 years,2567,,
2019,1,CA,80 - 84 years,3190,,
2019,1,CA,85 - 89 years,3549,,
2019,1,CA,90 years and over,5073,,
2019,1,CA,Less than 1 year,170,,
2019,1,CA,Unknown,,1,Cell suppressed for small numbers
2019,2,CA,1 - 4 years,27,,
2019,2,CA,10 - 14 years,18,,
2019,2,CA,15 - 19 years,68,,
2019,2,CA,20 - 24 years,129,,
2019,2,CA,25 - 29 years,206,,
2019,2,CA,30 - 34 years,240,,
2019,2,CA,35 - 39 years,262,,
2019,2,CA,40 - 44 years,344,,
2019,2,CA,45 - 49 years,534,,
2019,2,CA,5 - 9 years,15,,
2019,2,CA,50 - 54 years,765,,
2019,2,CA,55 - 59 years,1211,,
2019,2,CA,60 - 64 years,1633,,
2019,2,CA,65 - 69 years,1898,,
2019,2,CA,70 - 74 years,2194,,
2019,2,CA,75 - 79 years,2489,,
2019,2,CA,80 - 84 years,2761,,
2019,2,CA,85 - 89 years,3293,,
2019,2,CA,90 years and over,4598,,
2019,2,CA,Less than 1 year,144,,
2019,2,CA,Unknown,,1,Cell suppressed for small numbers
2019,3,CA,1 - 4 years,28,,
2019,3,CA,10 - 14 years,27,,
2019,3,CA,15 - 19 years,81,,
2019,3,CA,20 - 24 years,171,,
2019,3,CA,25 - 29 years,216,,
2019,3,CA,30 - 34 years,234,,
2019,3,CA,35 - 39 years,277,,
2019,3,CA,40 - 44 years,371,,
2019,3,CA,45 - 49 years,539,,
2019,3,CA,5 - 9 years,20,,
2019,3,CA,50 - 54 years,778,,
2019,3,CA,55 - 59 years,1288,,
2019,3,CA,60 - 64 years,1782,,
2019,3,CA,65 - 69 years,2055,,
2019,3,CA,70 - 74 years,2462,,
2019,3,CA,75 - 79 years,2634,,
2019,3,CA,80 - 84 years,3037,,
2019,3,CA,85 - 89 years,3444,,
2019,3,CA,90 years and over,5124,,
2019,3,CA,Less than 1 year,192,,
2019,3,CA,Unknown,,1,Cell suppressed for small numbers
2019,4,CA,1 - 4 years,31,,
2019,4,CA,10 - 14 years,26,,
2019,4,CA,15 - 19 years,69,,
2019,4,CA,20 - 24 years,142,,
2019,4,CA,25 - 29 years,219,,
2019,4,CA,30 - 34 years,223,,
2019,4,CA,35 - 39 years,324,,
2019,4,CA,40 - 44 years,320,,
2019,4,CA,45 - 49 years,495,,
2019,4,CA,5 - 9 years,16,,
2019,4,CA,50 - 54 years,735,,
2019,4,CA,55 - 59 years,1227,,
2019,4,CA,60 - 64 years,1610,,
2019,4,CA,65 - 69 years,1840,,
2019,4,CA,70 - 74 years,2193,,
2019,4,CA,75 - 79 years,2390,,
2019,4,CA,80 - 84 years,2840,,
2019,4,CA,85 - 89 years,2990,,
2019,4,CA,90 years and over,4504,,
2019,4,CA,Less than 1 year,148,,
2019,4,CA,Unknown,,1,Cell suppressed for small numbers
2019,5,CA,1 - 4 years,28,,
2019,5,CA,10 - 14 years,27,,
2019,5,CA,15 - 19 years,76,,
2019,5,CA,20 - 24 years,170,,
2019,5,CA,25 - 29 years,233,,
2019,5,CA,30 - 34 years,255,,
2019,5,CA,35 - 39 years,297,,
2019,5,CA,40 - 44 years,310,,
2019,5,CA,45 - 49 years,484,,
2019,5,CA,5 - 9 years,21,,
2019,5,CA,50 - 54 years,756,,
2019,5,CA,55 - 59 years,1222,,
2019,5,CA,60 - 64 years,1675,,
2019,5,CA,65 - 69 years,1879,,
2019,5,CA,70 - 74 years,2225,,
2019,5,CA,75 - 79 years,2499,,
2019,5,CA,80 - 84 years,2680,,
2019,5,CA,85 - 89 years,3121,,
2019,5,CA,90 years and over,4309,,
2019,5,CA,Less than 1 year,157,,
2019,5,CA,Unknown,,1,Cell suppressed for small numbers
2019,6,CA,1 - 4 years,39,,
2019,6,CA,10 - 14 years,23,,
2019,6,CA,15 - 19 years,91,,
2019,6,CA,20 - 24 years,171,,
2019,6,CA,25 - 29 years,242,,
2019,6,CA,30 - 34 years,273,,
2019,6,CA,35 - 39 years,297,,
2019,6,CA,40 - 44 years,321,,
2019,6,CA,45 - 49 years,519,,
2019,6,CA,5 - 9 years,22,,
2019,6,CA,50 - 54 years,790,,
2019,6,CA,55 - 59 years,1213,,
2019,6,CA,60 - 64 years,1547,,
2019,6,CA,65 - 69 years,1849,,
2019,6,CA,70 - 74 years,2072,,
2019,6,CA,75 - 79 years,2314,,
2019,6,CA,80 - 84 years,2557,,
2019,6,CA,85 - 89 years,2913,,
2019,6,CA,90 years and over,4077,,
2019,6,CA,Less than 1 year,145,,
2019,6,CA,Unknown,,1,Cell suppressed for small numbers
2019,7,CA,1 - 4 years,24,,
2019,7,CA,10 - 14 years,18,,
2019,7,CA,15 - 19 years,85,,
2019,7,CA,20 - 24 years,181,,
2019,7,CA,25 - 29 years,237,,
2019,7,CA,30 - 34 years,287,,
2019,7,CA,35 - 39 years,325,,
2019,7,CA,40 - 44 years,344,,
2019,7,CA,45 - 49 years,451,,
2019,7,CA,5 - 9 years,24,,
2019,7,CA,50 - 54 years,722,,
2019,7,CA,55 - 59 years,1179,,
2019,7,CA,60 - 64 years,1568,,
2019,7,CA,65 - 69 years,1844,,
2019,7,CA,70 - 74 years,2162,,
2019,7,CA,75 - 79 years,2216,,
2019,7,CA,80 - 84 years,2679,,
2019,7,CA,85 - 89 years,2877,,
2019,7,CA,90 years and over,3979,,
2019,7,CA,Less than 1 year,149,,
2019,7,CA,Unknown,,1,Cell suppressed for small numbers
2019,8,CA,1 - 4 years,18,,
2019,8,CA,10 - 14 years,24,,
2019,8,CA,15 - 19 years,73,,
2019,8,CA,20 - 24 years,194,,
2019,8,CA,25 - 29 years,219,,
2019,8,CA,30 - 34 years,281,,
2019,8,CA,35 - 39 years,333,,
2019,8,CA,40 - 44 years,376,,
2019,8,CA,45 - 49 years,509,,
2019,8,CA,5 - 9 years,13,,
2019,8,CA,50 - 54 years,723,,
2019,8,CA,55 - 59 years,1073,,
2019,8,CA,60 - 64 years,1550,,
2019,8,CA,65 - 69 years,1835,,
2019,8,CA,70 - 74 years,2146,,
2019,8,CA,75 - 79 years,2285,,
2019,8,CA,80 - 84 years,2576,,
2019,8,CA,85 - 89 years,2698,,
2019,8,CA,90 years and over,3946,,
2019,8,CA,Less than 1 year,159,,
2019,8,CA,Unknown,,1,Cell suppressed for small numbers
2019,9,CA,1 - 4 years,24,,
2019,9,CA,10 - 14 years,26,,
2019,9,CA,15 - 19 years,77,,
2019,9,CA,20 - 24 years,178,,
2019,9,CA,25 - 29 years,227,,
2019,9,CA,30 - 34 years,248,,
2019,9,CA,35 - 39 years,287,,
2019,9,CA,40 - 44 years,393,,
2019,9,CA,45 - 49 years,485,,
2019,9,CA,5 - 9 years,18,,
2019,9,CA,50 - 54 years,737,,
2019,9,CA,55 - 59 years,1167,,
2019,9,CA,60 - 64 years,1509,,
2019,9,CA,65 - 69 years,1716,,
2019,9,CA,70 - 74 years,2006,,
2019,9,CA,75 - 79 years,2283,,
2019,9,CA,80 - 84 years,2503,,
2019,9,CA,85 - 89 years,2748,,
2019,9,CA,90 years and over,3917,,
2019,9,CA,Less than 1 year,168,,
2019,9,CA,Unknown,,1,Cell suppressed for small numbers
2019,10,CA,1 - 4 years,14,,
2019,10,CA,10 - 14 years,13,,
2019,10,CA,15 - 19 years,83,,
2019,10,CA,20 - 24 years,198,,
2019,10,CA,25 - 29 years,221,,
2019,10,CA,30 - 34 years,238,,
2019,10,CA,35 - 39 years,289,,
2019,10,CA,40 - 44 years,353,,
2019,10,CA,45 - 49 years,483,,
2019,10,CA,5 - 9 years,12,,
2019,10,CA,50 - 54 years,781,,
2019,10,CA,55 - 59 years,1180,,
2019,10,CA,60 - 64 years,1604,,
2019,10,CA,65 - 69 years,1858,,
2019,10,CA,70 - 74 years,2266,,
2019,10,CA,75 - 79 years,2437,,
2019,10,CA,80 - 84 years,2759,,
2019,10,CA,85 - 89 years,3071,,
2019,10,CA,90 years and over,4299,,
2019,10,CA,Less than 1 year,146,,
2019,10,CA,Unknown,,1,Cell suppressed for small numbers
2019,11,CA,1 - 4 years,28,,
2019,11,CA,10 - 14 years,29,,
2019,11,CA,15 - 19 years,87,,
2019,11,CA,20 - 24 years,171,,
2019,11,CA,25 - 29 years,244,,
2019,11,CA,30 - 34 years,267,,
2019,11,CA,35 - 39 years,288,,
2019,11,CA,40 - 44 years,365,,
2019,11,CA,45 - 49 years,516,,
2019,11,CA,5 - 9 years,19,,
2019,11,CA,50 - 54 years,779,,
2019,11,CA,55 - 59 years,1191,,
2019,11,CA,60 - 64 years,1600,,
2019,11,CA,65 - 69 years,1877,,
2019,11,CA,70 - 74 years,2192,,
2019,11,CA,75 - 79 years,2375,,
2019,11,CA,80 - 84 years,2730,,
2019,11,CA,85 - 89 years,2908,,
2019,11,CA,90 years and over,4389,,
2019,11,CA,Less than 1 year,150,,
2019,11,CA,Unknown,,1,Cell suppressed for small numbers
2019,12,CA,1 - 4 years,27,,
2019,12,CA,10 - 14 years,24,,
2019,12,CA,15 - 19 years,82,,
2019,12,CA,20 - 24 years,149,,
2019,12,CA,25 - 29 years,233,,
2019,12,CA,30 - 34 years,277,,
2019,12,CA,35 - 39 years,325,,
2019,12,CA,40 - 44 years,353,,
2019,12,CA,45 - 49 years,522,,
2019,12,CA,5 - 9 years,28,,
2019,12,CA,50 - 54 years,782,,
2019,12,CA,55 - 59 years,1258,,
2019,12,CA,60 - 64 years,1818,,
2019,12,CA,65 - 69 years,2012,,
2019,12,CA,70 - 74 years,2321,,
2019,12,CA,75 - 79 years,2637,,
2019,12,CA,80 - 84 years,3047,,
2019,12,CA,85 - 89 years,3362,,
2019,12,CA,90 years and over,4862,,
2019,12,CA,Less than 1 year,172,,
2019,12,CA,Unknown,,1,Cell suppressed for small numbers
2020,1,CA,1 - 4 years,33,,
2020,1,CA,10 - 14 years,32,,
2020,1,CA,15 - 19 years,80,,
2020,1,CA,20 - 24 years,179,,
2020,1,CA,25 - 29 years,253,,
2020,1,CA,30 - 34 years,331,,
2020,1,CA,35 - 39 years,310,,
2020,1,CA,40 - 44 years,378,,
2020,1,CA,45 - 49 years,542,,
2020,1,CA,5 - 9 years,22,,
2020,1,CA,50 - 54 years,872,,
2020,1,CA,55 - 59 years,1343,,
2020,1,CA,60 - 64 years,1902,,
2020,1,CA,65 - 69 years,2162,,
2020,1,CA,70 - 74 years,2630,,
2020,1,CA,75 - 79 years,2744,,
2020,1,CA,80 - 84 years,3122,,
2020,1,CA,85 - 89 years,3573,,
2020,1,CA,90 years and over,5102,,
2020,1,CA,Less than 1 year,137,,
2020,1,CA,Unknown,,1,Cell suppressed for small numbers
2020,2,CA,1 - 4 years,30,,
2020,2,CA,10 - 14 years,19,,
2020,2,CA,15 - 19 years,87,,
2020,2,CA,20 - 24 years,149,,
2020,2,CA,25 - 29 years,246,,
2020,2,CA,30 - 34 years,283,,
2020,2,CA,35 - 39 years,318,,
2020,2,CA,40 - 44 years,358,,
2020,2,CA,45 - 49 years,496,,
2020,2,CA,5 - 9 years,19,,
2020,2,CA,50 - 54 years,807,,
2020,2,CA,55 - 59 years,1244,,
2020,2,CA,60 - 64 years,1757,,
2020,2,CA,65 - 69 years,2040,,
2020,2,CA,70 - 74 years,2391,,
2020,2,CA,75 - 79 years,2642,,
2020,2,CA,80 - 84 years,2914,,
2020,2,CA,85 - 89 years,3212,,
2020,2,CA,90 years and over,4658,,
2020,2,CA,Less than 1 year,147,,
2020,2,CA,Unknown,,1,Cell suppressed for small numbers
2020,3,CA,1 - 4 years,23,,
2020,3,CA,10 - 14 years,25,,
2020,3,CA,15 - 19 years,101,,
2020,3,CA,20 - 24 years,169,,
2020,3,CA,25 - 29 years,239,,
2020,3,CA,30 - 34 years,279,,
2020,3,CA,35 - 39 years,320,,
2020,3,CA,40 - 44 years,409,,
2020,3,CA,45 - 49 years,488,,
2020,3,CA,5 - 9 years,17,,
2020,3,CA,50 - 54 years,822,,
2020,3,CA,55 - 59 years,1376,,
2020,3,CA,60 - 64 years,1835,,
2020,3,CA,65 - 69 years,2157,,
2020,3,CA,70 - 74 years,2546,,
2020,3,CA,75 - 79 years,2846,,
2020,3,CA,80 - 84 years,3044,,
2020,3,CA,85 - 89 years,3417,,
2020,3,CA,90 years and over,4825,,
2020,3,CA,Less than 1 year,164,,
2020,3,CA,Unknown,,1,Cell suppressed for small numbers
2020,4,CA,1 - 4 years,19,,
2020,4,CA,10 - 14 years,13,,
2020,4,CA,15 - 19 years,110,,
2020,4,CA,20 - 24 years,210,,
2020,4,CA,25 - 29 years,241,,
2020,4,CA,30 - 34 years,289,,
2020,4,CA,35 - 39 years,364,,
2020,4,CA,40 - 44 years,378,,
2020,4,CA,45 - 49 years,627,,
2020,4,CA,5 - 9 years,18,,
2020,4,CA,50 - 54 years,882,,
2020,4,CA,55 - 59 years,1370,,
2020,4,CA,60 - 64 years,1785,,
2020,4,CA,65 - 69 years,2166,,
2020,4,CA,70 - 74 years,2593,,
2020,4,CA,75 - 79 years,2837,,
2020,4,CA,80 - 84 years,3182,,
2020,4,CA,85 - 89 years,3567,,
2020,4,CA,90 years and over,4815,,
2020,4,CA,Less than 1 year,130,,
2020,4,CA,Unknown,,1,Cell suppressed for small numbers
2020,5,CA,1 - 4 years,29,,
2020,5,CA,10 - 14 years,20,,
2020,5,CA,15 - 19 years,106,,
2020,5,CA,20 - 24 years,195,,
2020,5,CA,25 - 29 years,264,,
2020,5,CA,30 - 34 years,329,,
2020,5,CA,35 - 39 years,373,,
2020,5,CA,40 - 44 years,437,,
2020,5,CA,45 - 49 years,609,,
2020,5,CA,5 - 9 years,18,,
2020,5,CA,50 - 54 years,830,,
2020,5,CA,55 - 59 years,1323,,
2020,5,CA,60 - 64 years,1834,,
2020,5,CA,65 - 69 years,2208,,
2020,5,CA,70 - 74 years,2502,,
2020,5,CA,75 - 79 years,2673,,
2020,5,CA,80 - 84 years,2922,,
2020,5,CA,85 - 89 years,3297,,
2020,5,CA,90 years and over,4800,,
2020,5,CA,Less than 1 year,131,,
2020,5,CA,Unknown,,1,Cell suppressed for small numbers
2020,6,CA,1 - 4 years,27,,
2020,6,CA,10 - 14 years,28,,
2020,6,CA,15 - 19 years,117,,
2020,6,CA,20 - 24 years,202,,
2020,6,CA,25 - 29 years,273,,
2020,6,CA,30 - 34 years,335,,
2020,6,CA,35 - 39 years,403,,
2020,6,CA,40 - 44 years,436,,
2020,6,CA,45 - 49 years,550,,
2020,6,CA,5 - 9 years,16,,
2020,6,CA,50 - 54 years,909,,
2020,6,CA,55 - 59 years,1303,,
2020,6,CA,60 - 64 years,1800,,
2020,6,CA,65 - 69 years,2116,,
2020,6,CA,70 - 74 years,2297,,
2020,6,CA,75 - 79 years,2603,,
2020,6,CA,80 - 84 years,2852,,
2020,6,CA,85 - 89 years,3085,,
2020,6,CA,90 years and over,4413,,
2020,6,CA,Less than 1 year,143,,
2020,6,CA,Unknown,,1,Cell suppressed for small numbers
2020,7,CA,1 - 4 years,31,,
2020,7,CA,10 - 14 years,42,,
2020,7,CA,15 - 19 years,111,,
2020,7,CA,20 - 24 years,246,,
2020,7,CA,25 - 29 years,310,,
2020,7,CA,30 - 34 years,387,,
2020,7,CA,35 - 39 years,463,,
2020,7,CA,40 - 44 years,549,,
2020,7,CA,45 - 49 years,726,,
2020,7,CA,5 - 9 years,12,,
2020,7,CA,50 - 54 years,1005,,
2020,7,CA,55 - 59 years,1601,,
2020,7,CA,60 - 64 years,2040,,
2020,7,CA,65 - 69 years,2399,,
2020,7,CA,70 - 74 years,2806,,
2020,7,CA,75 - 79 years,2911,,
2020,7,CA,80 - 84 years,3206,,
2020,7,CA,85 - 89 years,3431,,
2020,7,CA,90 years and over,4821,,
2020,7,CA,Less than 1 year,142,,
2020,7,CA,Unknown,,1,Cell suppressed for small numbers
2020,8,CA,1 - 4 years,28,,
2020,8,CA,10 - 14 years,19,,
2020,8,CA,15 - 19 years,124,,
2020,8,CA,20 - 24 years,260,,
2020,8,CA,25 - 29 years,347,,
2020,8,CA,30 - 34 years,370,,
2020,8,CA,35 - 39 years,470,,
2020,8,CA,40 - 44 years,552,,
2020,8,CA,45 - 49 years,638,,
2020,8,CA,5 - 9 years,24,,
2020,8,CA,50 - 54 years,1066,,
2020,8,CA,55 - 59 years,1540,,
2020,8,CA,60 - 64 years,2073,,
2020,8,CA,65 - 69 years,2436,,
2020,8,CA,70 - 74 years,2725,,
2020,8,CA,75 - 79 years,2921,,
2020,8,CA,80 - 84 years,3234,,
2020,8,CA,85 - 89 years,3381,,
2020,8,CA,90 years and over,4942,,
2020,8,CA,Less than 1 year,146,,
2020,8,CA,Unknown,,1,Cell suppressed for small numbers
2020,9,CA,1 - 4 years,23,,
2020,9,CA,10 - 14 years,31,,
2020,9,CA,15 - 19 years,104,,
2020,9,CA,20 - 24 years,213,,
2020,9,CA,25 - 29 years,263,,
2020,9,CA,30 - 34 years,342,,
2020,9,CA,35 - 39 years,366,,
2020,9,CA,40 - 44 years,433,,
2020,9,CA,45 - 49 years,587,,
2020,9,CA,5 - 9 years,13,,
2020,9,CA,50 - 54 years,833,,
2020,9,CA,55 - 59 years,1259,,
2020,9,CA,60 - 64 years,1704,,
2020,9,CA,65 - 69 years,2078,,
2020,9,CA,70 - 74 years,2369,,
2020,9,CA,75 - 79 years,2488,,
2020,9,CA,80 - 84 years,2852,,
2020,9,CA,85 - 89 years,2998,,
2020,9,CA,90 years and over,4447,,
2020,9,CA,Less than 1 year,121,,
2020,9,CA,Unknown,,1,Cell suppressed for small numbers
